ID_ANONIMO;CR;PERIODO;INGRESSO;CODIGO;ANO;PERIODO;NOTA;CH;SITUACAOALUNO
88453;0,8046;5;22/01/21;EL6BC;2020;2;6,5;60;Trancado
88453;0,8046;5;22/01/21;EEY41;2020;2;6;30;Trancado
88453;0,8046;5;22/01/21;EL64B;2020;2;7,8;60;Trancado
88453;0,8046;5;22/01/21;EL65B;2020;2;6;60;Trancado
88453;0,8046;5;22/01/21;EL65F;2020;2;8,7;60;Trancado
88453;0,8046;5;22/01/21;EL66B;2020;2;6;60;Trancado
88453;0,8046;5;22/01/21;ENADE I;2020;2;;0;Trancado
88453;0,8046;5;22/01/21;MA71A;2020;2;9;90;Trancado
88453;0,8046;5;22/01/21;MA71B;2020;2;9,3;90;Trancado
88453;0,8046;5;22/01/21;MA72A;2020;2;9,4;60;Trancado
88453;0,8046;5;22/01/21;MA70H;2020;2;8,3;60;Trancado
88453;0,8046;5;22/01/21;MA73A;2020;2;8,9;60;Trancado
88453;0,8046;5;22/01/21;GE70D;2020;2;8,1;30;Trancado
88453;0,8046;5;22/01/21;FI70A;2020;2;8,6;60;Trancado
88453;0,8046;5;22/01/21;MA70G;2020;2;8,4;60;Trancado
88453;0,8046;5;22/01/21;FI70B;2020;2;9,8;60;Trancado
88453;0,8046;5;22/01/21;GE70H;2021;1;6,5;30;Trancado
88453;0,8046;5;22/01/21;QB70C;2020;2;8,5;75;Trancado
88453;0,8046;5;22/01/21;ES70G;2020;2;8,8;45;Trancado
88453;0,8046;5;22/01/21;FI72N;2020;2;9;30;Trancado
88453;0,8046;5;22/01/21;MA70C;2020;2;8,6;60;Trancado
88453;0,8046;5;22/01/21;QB70E;2020;2;9,5;30;Trancado
88453;0,8046;5;22/01/21;ES70N;2020;2;7,6;30;Trancado
88453;0,8046;5;22/01/21;FI70D;2020;2;7,3;30;Trancado
88453;0,8046;5;22/01/21;CSF13;2020;2;9;90;Trancado
88453;0,8046;5;22/01/21;CSE20;2020;2;7,4;60;Trancado
88453;0,8046;5;22/01/21;CSD20;2021;1;0;45;Trancado
88453;0,8046;5;22/01/21;CSD20;2020;2;0;45;Trancado
88453;0,8046;5;22/01/21;CSF20;2020;2;7,8;45;Trancado
88453;0,8046;5;22/01/21;CSF30;2020;2;7,8;45;Trancado
88453;0,8046;5;22/01/21;CSG20;2021;1;0;45;Trancado
88453;0,8046;5;22/01/21;CSO30;2020;2;7,3;60;Trancado
88453;0,8046;5;22/01/21;CSR30;2020;2;7,9;45;Trancado
88453;0,8046;5;22/01/21;CSV30;2020;2;8,9;60;Trancado
88453;0,8046;5;22/01/21;CSI30;2021;1;0;45;Trancado
88453;0,8046;5;22/01/21;CSR31;2020;2;7,1;30;Trancado
88453;0,8046;5;22/01/21;CSW42;2020;2;9,3;60;Trancado
88453;0,8046;5;22/01/21;CSW40;2020;2;6,7;60;Trancado
88453;0,8046;5;22/01/21;CSW41;2020;2;7,3;60;Trancado
88453;0,8046;5;22/01/21;EL6EE;2020;2;9,7;60;Trancado
88453;0,8046;5;22/01/21;FI74N;2020;2;7,9;30;Trancado
88453;0,8046;5;22/01/21;CSW30;2020;2;6,4;60;Trancado
88453;0,8046;5;22/01/21;EEX11;2020;2;6;45;Trancado
88453;0,8046;5;22/01/21;EEB21;2020;2;8,1;45;Trancado
88453;0,8046;5;22/01/21;EEQ31;2020;2;8;75;Trancado
88453;0,8046;5;22/01/21;EEB31;2020;2;9,6;90;Trancado
88453;0,8046;5;22/01/21;EEB22;2020;2;6,1;45;Trancado
88453;0,8046;5;22/01/21;EEF11;2020;2;9,6;30;Trancado
88453;0,8046;5;22/01/21;EEE31;2020;2;6,8;60;Trancado
88453;0,8046;5;22/01/21;EEE32;2020;2;7,2;60;Trancado
88453;0,8046;5;22/01/21;EEC21;2020;2;7,3;60;Trancado
88453;0,8046;5;22/01/21;EEQ32;2020;2;8,4;45;Trancado
88453;0,8046;5;22/01/21;EEC31;2020;2;6,9;30;Trancado
88453;0,8046;5;22/01/21;FI71S;2020;2;9;60;Trancado
88453;0,8046;5;22/01/21;FI72S;2020;2;9;60;Trancado
88453;0,8046;5;22/01/21;FI73S;2020;2;7,9;60;Trancado
88453;0,8046;5;22/01/21;FI74S;2020;2;7,5;60;Trancado
88453;0,8046;5;22/01/21;CSW48;2020;2;7;60;Trancado
88453;0,8046;5;22/01/21;EEC41;2020;2;7,8;60;Trancado
88453;0,8046;5;22/01/21;EL6BB;2020;2;8,4;60;Trancado
124741;0,6486;10;18/03/15;GE60K;2017;1;4,6;30;Trancado
124741;0,6486;10;18/03/15;QB60A;2015;1;9,5;30;Trancado
124741;0,6486;10;18/03/15;IF6AL;2018;2;6;60;Trancado
124741;0,6486;10;18/03/15;ENADE I;2015;1;;0;Trancado
124741;0,6486;10;18/03/15;ENADE C;2019;2;;0;Trancado
124741;0,6486;10;18/03/15;ENADE C;2017;2;;0;Trancado
124741;0,6486;10;18/03/15;EL66C;2015;1;7;60;Trancado
124741;0,6486;10;18/03/15;MA71A;2015;1;0;90;Trancado
124741;0,6486;10;18/03/15;MA71B;2015;1;0;90;Trancado
124741;0,6486;10;18/03/15;GE70F;2015;2;7,5;30;Trancado
124741;0,6486;10;18/03/15;GE70H;2016;2;9;30;Trancado
124741;0,6486;10;18/03/15;ES70B;2017;1;0;30;Trancado
124741;0,6486;10;18/03/15;FI71M;2015;1;0;60;Trancado
124741;0,6486;10;18/03/15;FI72N;2016;2;6;30;Trancado
124741;0,6486;10;18/03/15;FI72M;2016;1;7,4;60;Trancado
124741;0,6486;10;18/03/15;MA70C;2017;1;1,8;60;Trancado
124741;0,6486;10;18/03/15;ES70R;2015;1;0;30;Trancado
124741;0,6486;10;18/03/15;GE70K;2017;1;4,2;30;Trancado
124741;0,6486;10;18/03/15;EL62O;2015;1;9;45;Trancado
124741;0,6486;10;18/03/15;IF63O;2015;1;8,7;45;Trancado
124741;0,6486;10;18/03/15;EL64O;2015;1;6,8;75;Trancado
124741;0,6486;10;18/03/15;EL66K;2016;1;6,8;75;Trancado
124741;0,6486;10;18/03/15;EL66L;2016;1;8,8;30;Trancado
124741;0,6486;10;18/03/15;EL66L;2015;2;0;30;Trancado
124741;0,6486;10;18/03/15;CSG42;2017;2;2;30;Trancado
124741;0,6486;10;18/03/15;CSI53;2017;2;0,5;45;Trancado
124741;0,6486;10;18/03/15;CSV45;2018;2;8;60;Trancado
124741;0,6486;10;18/03/15;CSD40;2018;2;6;60;Trancado
124741;0,6486;10;18/03/15;CSD40;2016;2;0;60;Trancado
124741;0,6486;10;18/03/15;CSD40;2016;1;1;60;Trancado
124741;0,6486;10;18/03/15;CSE40;2017;2;0;45;Trancado
124741;0,6486;10;18/03/15;CSE40;2017;1;0;45;Trancado
124741;0,6486;10;18/03/15;CSX42;2018;1;9;30;Trancado
124741;0,6486;10;18/03/15;CSX43;2020;2;;30;Trancado
124741;0,6486;10;18/03/15;CSX43;2020;1;;30;Trancado
124741;0,6486;10;18/03/15;CSX43;2019;1;;30;Trancado
124741;0,6486;10;18/03/15;CSX43;2018;2;;30;Trancado
124741;0,6486;10;18/03/15;EEE32;2017;2;6,2;60;Trancado
124741;0,6486;10;18/03/15;EEX23;2017;2;6,5;45;Trancado
124741;0,6486;10;18/03/15;EEF31;2018;2;7;30;Trancado
124741;0,6486;10;18/03/15;MA61A;2015;1;6;90;Trancado
124741;0,6486;10;18/03/15;MA61B;2015;1;7,7;90;Trancado
124741;0,6486;10;18/03/15;FI61A;2015;1;6;75;Trancado
124741;0,6486;10;18/03/15;MA62A;2015;1;7;60;Trancado
124741;0,6486;10;18/03/15;FI62A;2016;2;6,9;75;Trancado
124741;0,6486;10;18/03/15;MA63A;2015;1;6;60;Trancado
124741;0,6486;10;18/03/15;MA63B;2015;1;6;60;Trancado
124741;0,6486;10;18/03/15;MA65A;2015;1;7,5;60;Trancado
124741;0,6486;10;18/03/15;FI66A;2015;1;6,4;30;Trancado
124741;0,6486;10;18/03/15;QB62A;2015;1;7;90;Trancado
124741;0,6486;10;18/03/15;ES60A;2015;1;9;30;Trancado
124741;0,6486;10;18/03/15;ES60B;2015;1;10;30;Trancado
124741;0,6486;10;18/03/15;ES60F;2015;1;8,2;30;Trancado
124741;0,6486;10;18/03/15;ES60G;2015;1;9,9;30;Trancado
124741;0,6486;10;18/03/15;ES61A;2015;1;7,8;30;Trancado
124741;0,6486;10;18/03/15;IF61B;2015;1;9,2;60;Trancado
124741;0,6486;10;18/03/15;IF61C;2015;1;8,3;90;Trancado
124741;0,6486;10;18/03/15;GE60D;2015;1;6,6;30;Trancado
124741;0,6486;10;18/03/15;GE60A;2015;1;7;30;Trancado
124741;0,6486;10;18/03/15;GE60C;2016;2;9;30;Trancado
124741;0,6486;10;18/03/15;GE60B;2015;2;7,5;30;Trancado
124741;0,6486;10;18/03/15;FI63A;2015;1;6,2;75;Trancado
124741;0,6486;10;18/03/15;IF62C;2015;1;6,6;60;Trancado
124741;0,6486;10;18/03/15;EL68A;2017;1;6;60;Trancado
124741;0,6486;10;18/03/15;EL68F;2016;2;8,5;60;Trancado
124741;0,6486;10;18/03/15;IF62J;2016;2;8,7;45;Trancado
124741;0,6486;10;18/03/15;IF66B;2015;1;7,7;60;Trancado
124741;0,6486;10;18/03/15;IF67D;2016;2;6,1;60;Trancado
124741;0,6486;10;18/03/15;IF69D;2018;1;7,8;60;Trancado
124741;0,6486;10;18/03/15;EL6BC;2018;1;7,3;60;Trancado
124741;0,6486;10;18/03/15;IF60A;2018;2;7;30;Trancado
124741;0,6486;10;18/03/15;IF63C;2015;1;8,2;45;Trancado
124741;0,6486;10;18/03/15;IF63E;2015;1;7,1;60;Trancado
124741;0,6486;10;18/03/15;EL63B;2015;1;7,7;75;Trancado
124741;0,6486;10;18/03/15;FI64C;2015;1;8;60;Trancado
124741;0,6486;10;18/03/15;IF64C;2015;1;8,1;45;Trancado
124741;0,6486;10;18/03/15;EL65G;2015;1;6,2;60;Trancado
124741;0,6486;10;18/03/15;EL65A;2015;1;7,3;90;Trancado
124741;0,6486;10;18/03/15;IF64J;2015;1;9,6;45;Trancado
124741;0,6486;10;18/03/15;IF65C;2015;2;6,3;45;Trancado
124741;0,6486;10;18/03/15;IF65D;2015;1;7,9;45;Trancado
124741;0,6486;10;18/03/15;IF65E;2015;1;6;60;Trancado
124741;0,6486;10;18/03/15;EL65H;2017;2;6,2;90;Trancado
124741;0,6486;10;18/03/15;EL65H;2015;2;5,3;90;Trancado
124741;0,6486;10;18/03/15;IF66C;2015;1;7,1;60;Trancado
124741;0,6486;10;18/03/15;IF66D;2015;1;7,8;60;Trancado
124741;0,6486;10;18/03/15;EL66H;2016;2;6,7;60;Trancado
124741;0,6486;10;18/03/15;EL66H;2016;1;3,1;60;Trancado
124741;0,6486;10;18/03/15;IF66J;2017;2;6,5;45;Trancado
124741;0,6486;10;18/03/15;IF67B;2015;2;8,4;60;Trancado
124741;0,6486;10;18/03/15;IF67C;2016;2;6;60;Trancado
124741;0,6486;10;18/03/15;EL66D;2016;1;9;60;Trancado
124741;0,6486;10;18/03/15;EL66D;2015;2;3,9;60;Trancado
124741;0,6486;10;18/03/15;IF67H;2018;1;9;60;Trancado
124741;0,6486;10;18/03/15;IF68D;2018;1;9;60;Trancado
124741;0,6486;10;18/03/15;IF68E;2018;1;8,6;60;Trancado
124741;0,6486;10;18/03/15;IF68E;2017;1;6,6;60;Trancado
124741;0,6486;10;18/03/15;EL68E;2018;1;6,7;60;Trancado
124741;0,6486;10;18/03/15;EL68G;2016;2;6,5;60;Trancado
124741;0,6486;10;18/03/15;IF60B;2019;2;;60;Trancado
124741;0,6486;10;18/03/15;IF60B;2019;1;;60;Trancado
124741;0,6486;10;18/03/15;IF60J;2017;1;9,5;360;Trancado
124741;0,6486;10;18/03/15;EL6BB;2018;2;6,7;60;Trancado
124741;0,6486;10;18/03/15;EL6BB;2016;2;2;60;Trancado
155782;0,4412;4;29/10/13;ES70Q;2016;2;6,7;30;Trancado
155782;0,4412;4;29/10/13;ES70R;2013;2;6;30;Trancado
155782;0,4412;4;29/10/13;EL62O;2014;1;9,4;45;Trancado
155782;0,4412;4;29/10/13;IF63O;2014;2;7,7;45;Trancado
155782;0,4412;4;29/10/13;FI73M;2018;1;6;60;Trancado
155782;0,4412;4;29/10/13;FI73M;2017;2;3,5;60;Trancado
155782;0,4412;4;29/10/13;FI73M;2017;1;4,4;60;Trancado
155782;0,4412;4;29/10/13;CSF13;2017;1;8,1;90;Trancado
155782;0,4412;4;29/10/13;CSE20;2018;2;4,8;60;Trancado
155782;0,4412;4;29/10/13;CSE20;2019;1;6,5;60;Trancado
155782;0,4412;4;29/10/13;CSE20;2018;1;1,3;60;Trancado
155782;0,4412;4;29/10/13;CSD20;2017;1;8,6;45;Trancado
155782;0,4412;4;29/10/13;CSF20;2017;1;7,6;45;Trancado
155782;0,4412;4;29/10/13;CSD21;2017;1;6;45;Trancado
155782;0,4412;4;29/10/13;CSD21;2016;1;2;45;Trancado
155782;0,4412;4;29/10/13;CSF30;2018;1;7,1;45;Trancado
155782;0,4412;4;29/10/13;CSG20;2019;1;6,8;45;Trancado
155782;0,4412;4;29/10/13;CSB30;2019;2;6;60;Trancado
155782;0,4412;4;29/10/13;CSA30;2020;2;1,7;45;Trancado
155782;0,4412;4;29/10/13;CSA30;2019;1;2;45;Trancado
155782;0,4412;4;29/10/13;CSA30;2018;2;2,2;45;Trancado
155782;0,4412;4;29/10/13;CSA30;2023;1;0,1;45;Trancado
155782;0,4412;4;29/10/13;CSA30;2022;2;0;45;Trancado
155782;0,4412;4;29/10/13;CSA30;2021;2;1,2;45;Trancado
155782;0,4412;4;29/10/13;CSE30;2022;2;7,1;60;Trancado
155782;0,4412;4;29/10/13;CSE30;2022;1;0;60;Trancado
155782;0,4412;4;29/10/13;CSH30;2017;1;7,7;45;Trancado
155782;0,4412;4;29/10/13;FI74N;2019;2;6;30;Trancado
155782;0,4412;4;29/10/13;EEX11;2018;1;7,1;45;Trancado
155782;0,4412;4;29/10/13;EEB21;2021;1;2,7;45;Trancado
155782;0,4412;4;29/10/13;EEB21;2020;2;3,2;45;Trancado
155782;0,4412;4;29/10/13;EEB21;2020;1;-1;45;Trancado
155782;0,4412;4;29/10/13;EEB21;2018;2;0,4;45;Trancado
155782;0,4412;4;29/10/13;EEB21;2018;1;1,9;45;Trancado
155782;0,4412;4;29/10/13;EEB21;2017;1;4,2;45;Trancado
155782;0,4412;4;29/10/13;EEB21;2021;2;0;45;Trancado
155782;0,4412;4;29/10/13;EEX21;2017;1;6;45;Trancado
155782;0,4412;4;29/10/13;EEQ31;2021;1;6,3;75;Trancado
155782;0,4412;4;29/10/13;EEQ31;2020;2;1,6;75;Trancado
155782;0,4412;4;29/10/13;EEQ31;2020;1;-1;75;Trancado
155782;0,4412;4;29/10/13;EEQ31;2019;2;1,6;75;Trancado
155782;0,4412;4;29/10/13;EEB31;2020;1;-1;90;Trancado
155782;0,4412;4;29/10/13;EEF11;2017;1;9,4;30;Trancado
155782;0,4412;4;29/10/13;EEF21;2018;2;8;30;Trancado
155782;0,4412;4;29/10/13;FI71S;2017;1;6,8;60;Trancado
155782;0,4412;4;29/10/13;FI72S;2017;1;7;60;Trancado
155782;0,4412;4;29/10/13;FI73S;2018;1;6;60;Trancado
155782;0,4412;4;29/10/13;MA61A;2014;1;6,6;90;Trancado
155782;0,4412;4;29/10/13;MA61B;2014;2;6;90;Trancado
155782;0,4412;4;29/10/13;FI61A;2013;2;6,8;75;Trancado
155782;0,4412;4;29/10/13;MA62A;2014;1;6,5;60;Trancado
155782;0,4412;4;29/10/13;FI62A;2016;2;7;75;Trancado
155782;0,4412;4;29/10/13;MA63B;2014;2;6;60;Trancado
155782;0,4412;4;29/10/13;MA65A;2015;2;6;60;Trancado
155782;0,4412;4;29/10/13;QB62A;2014;1;6,1;90;Trancado
155782;0,4412;4;29/10/13;ES60A;2016;1;7,5;30;Trancado
155782;0,4412;4;29/10/13;ES60F;2015;2;6,1;30;Trancado
155782;0,4412;4;29/10/13;ES60G;2016;2;6,7;30;Trancado
155782;0,4412;4;29/10/13;ES61A;2013;2;6;30;Trancado
155782;0,4412;4;29/10/13;IF61B;2013;2;3,8;60;Trancado
155782;0,4412;4;29/10/13;IF61B;2016;1;8,6;60;Trancado
155782;0,4412;4;29/10/13;IF61B;2015;1;4,8;60;Trancado
155782;0,4412;4;29/10/13;IF61C;2013;2;4,5;90;Trancado
155782;0,4412;4;29/10/13;IF61C;2015;2;8,1;90;Trancado
155782;0,4412;4;29/10/13;IF61C;2015;1;0;90;Trancado
155782;0,4412;4;29/10/13;IF62C;2014;1;0;60;Trancado
155782;0,4412;4;29/10/13;IF62C;2016;2;0;60;Trancado
155782;0,4412;4;29/10/13;IF62C;2016;1;0;60;Trancado
155782;0,4412;4;29/10/13;IF62J;2015;1;6;45;Trancado
155782;0,4412;4;29/10/13;IF63E;2015;2;3;60;Trancado
155782;0,4412;4;29/10/13;IF63E;2014;2;3,7;60;Trancado
155782;0,4412;4;29/10/13;FI64C;2016;2;8,9;60;Trancado
155782;0,4412;4;29/10/13;ENADE I;2013;2;;0;Trancado
155782;0,4412;4;29/10/13;MA71A;2014;1;6,6;90;Trancado
155782;0,4412;4;29/10/13;MA71A;2013;2;4,2;90;Trancado
155782;0,4412;4;29/10/13;MA71B;2013;2;4;90;Trancado
155782;0,4412;4;29/10/13;MA71B;2014;2;6;90;Trancado
155782;0,4412;4;29/10/13;MA72A;2014;1;6,5;60;Trancado
155782;0,4412;4;29/10/13;MA70H;2015;2;6;60;Trancado
155782;0,4412;4;29/10/13;MA70H;2014;2;1,6;60;Trancado
155782;0,4412;4;29/10/13;MA73A;2014;2;1,2;60;Trancado
155782;0,4412;4;29/10/13;MA73A;2019;1;6;60;Trancado
155782;0,4412;4;29/10/13;MA73A;2018;2;2,8;60;Trancado
155782;0,4412;4;29/10/13;MA73A;2018;1;0,9;60;Trancado
155782;0,4412;4;29/10/13;MA73A;2017;2;0,4;60;Trancado
155782;0,4412;4;29/10/13;MA73A;2017;1;0;60;Trancado
155782;0,4412;4;29/10/13;MA73A;2016;2;1,1;60;Trancado
155782;0,4412;4;29/10/13;FI73A;2016;2;0,1;75;Trancado
155782;0,4412;4;29/10/13;FI73A;2016;1;0;75;Trancado
155782;0,4412;4;29/10/13;FI73A;2015;1;1,1;75;Trancado
155782;0,4412;4;29/10/13;FI70A;2017;1;8,9;60;Trancado
155782;0,4412;4;29/10/13;MA70G;2014;2;6;60;Trancado
155782;0,4412;4;29/10/13;ES70C;2017;1;8,6;30;Trancado
155782;0,4412;4;29/10/13;QB70C;2017;1;6,1;75;Trancado
155782;0,4412;4;29/10/13;ES70G;2017;1;6,7;45;Trancado
155782;0,4412;4;29/10/13;FI71M;2013;2;6,8;60;Trancado
155782;0,4412;4;29/10/13;FI72N;2014;1;4,2;30;Trancado
155782;0,4412;4;29/10/13;FI72N;2015;1;7,7;30;Trancado
155782;0,4412;4;29/10/13;FI72N;2014;2;4,9;30;Trancado
155782;0,4412;4;29/10/13;FI72M;2014;1;2,3;60;Trancado
155782;0,4412;4;29/10/13;FI72M;2016;2;6,7;60;Trancado
155782;0,4412;4;29/10/13;FI72M;2015;2;2,5;60;Trancado
155782;0,4412;4;29/10/13;QB70D;2014;1;6,1;90;Trancado
155782;0,4412;4;29/10/13;FI74M;2019;2;1;60;Trancado
155782;0,4412;4;29/10/13;GE70L;2017;2;7,5;30;Trancado
155782;0,4412;4;29/10/13;ES70L;2016;1;7,5;30;Trancado
155782;0,4412;4;29/10/13;ES70L;2015;2;5,1;30;Trancado
155782;0,4412;4;29/10/13;ES70L;2015;1;4,5;30;Trancado
155782;0,4412;4;29/10/13;ES70L;2014;2;3,5;30;Trancado
155782;0,4412;4;29/10/13;ES70N;2015;2;6,1;30;Trancado
155782;0,4412;4;29/10/13;ES70P;2017;1;7,5;45;Trancado
156037;0,57;1;18/02/21;ENADE I;2020;2;;0;Trancado
156037;0,57;1;18/02/21;MA71A;2021;1;7,2;90;Trancado
156037;0,57;1;18/02/21;MA71A;2020;2;0;90;Trancado
156037;0,57;1;18/02/21;CSD20;2020;2;7,3;45;Trancado
156037;0,57;1;18/02/21;FI71M;2020;2;0;60;Trancado
156037;0,57;1;18/02/21;CSF13;2021;1;0;90;Trancado
156037;0,57;1;18/02/21;CSF13;2020;2;3,4;90;Trancado
156037;0,57;1;18/02/21;MA71B;2020;2;0;90;Trancado
160797;0,6273;3;05/03/18;DI61C;2019;2;9,8;30;Trancado
160797;0,6273;3;05/03/18;FI72S;2019;1;8,9;60;Trancado
160797;0,6273;3;05/03/18;MA71A;2018;1;6;90;Trancado
160797;0,6273;3;05/03/18;MA71B;2018;1;6;90;Trancado
160797;0,6273;3;05/03/18;MA72A;2020;1;-1;60;Trancado
160797;0,6273;3;05/03/18;MA72A;2019;1;2,9;60;Trancado
160797;0,6273;3;05/03/18;MA72A;2018;2;0,6;60;Trancado
160797;0,6273;3;05/03/18;QB70C;2018;2;6,9;75;Trancado
160797;0,6273;3;05/03/18;ES70G;2020;1;-1;45;Trancado
160797;0,6273;3;05/03/18;GE73A;2020;2;0;45;Trancado
160797;0,6273;3;05/03/18;GE73A;2020;1;-1;45;Trancado
160797;0,6273;3;05/03/18;FI71M;2018;1;8,6;60;Trancado
160797;0,6273;3;05/03/18;FI72N;2018;2;7,9;30;Trancado
160797;0,6273;3;05/03/18;FI72M;2019;1;8,9;60;Trancado
160797;0,6273;3;05/03/18;FI72M;2018;2;3,5;60;Trancado
160797;0,6273;3;05/03/18;QB70D;2018;2;6,9;90;Trancado
160797;0,6273;3;05/03/18;CSX10;2020;1;7,5;60;Trancado
160797;0,6273;3;05/03/18;CSF13;2018;1;6,2;90;Trancado
160797;0,6273;3;05/03/18;CSE20;2020;2;0;60;Trancado
160797;0,6273;3;05/03/18;CSE20;2020;1;5,1;60;Trancado
160797;0,6273;3;05/03/18;CSE20;2018;2;0;60;Trancado
160797;0,6273;3;05/03/18;CSD20;2018;1;9,3;45;Trancado
160797;0,6273;3;05/03/18;CSF20;2018;2;8,1;45;Trancado
160797;0,6273;3;05/03/18;CSD21;2020;2;0;45;Trancado
160797;0,6273;3;05/03/18;CSD21;2020;1;-1;45;Trancado
160797;0,6273;3;05/03/18;CSF30;2019;2;8;45;Trancado
160797;0,6273;3;05/03/18;CSF30;2019;1;0,5;45;Trancado
160797;0,6273;3;05/03/18;CSG20;2020;2;0;45;Trancado
160797;0,6273;3;05/03/18;CSX30;2020;1;-1;45;Trancado
160797;0,6273;3;05/03/18;CSG30;2020;1;7;45;Trancado
160797;0,6273;3;05/03/18;EL6EE;2018;2;10;60;Trancado
160797;0,6273;3;05/03/18;CE74G;2018;2;10;70;Trancado
160797;0,6273;3;05/03/18;EEX11;2018;2;10;45;Trancado
160797;0,6273;3;05/03/18;FI71S;2018;1;8,6;60;Trancado
160797;0,6273;3;05/03/18;ENADE I;2018;1;;0;Trancado
161840;0,523;6;09/04/14;MA72A;2017;2;6;60;Trancado
161840;0,523;6;09/04/14;MA72A;2017;1;3;60;Trancado
161840;0,523;6;09/04/14;MA72A;2016;2;3,5;60;Trancado
161840;0,523;6;09/04/14;MA72A;2016;1;5;60;Trancado
161840;0,523;6;09/04/14;MA72A;2015;2;1,6;60;Trancado
161840;0,523;6;09/04/14;MA72A;2015;1;2;60;Trancado
161840;0,523;6;09/04/14;MA70H;2017;2;8;60;Trancado
161840;0,523;6;09/04/14;MA70H;2017;1;5,5;60;Trancado
161840;0,523;6;09/04/14;MA73A;2018;1;6,2;60;Trancado
161840;0,523;6;09/04/14;MA73A;2017;2;1,6;60;Trancado
161840;0,523;6;09/04/14;MA73A;2017;1;1,5;60;Trancado
161840;0,523;6;09/04/14;FI73A;2016;2;3,7;75;Trancado
161840;0,523;6;09/04/14;FI70A;2017;1;10;60;Trancado
161840;0,523;6;09/04/14;MA70G;2017;1;7;60;Trancado
161840;0,523;6;09/04/14;QB70C;2017;1;6;75;Trancado
161840;0,523;6;09/04/14;ES70G;2018;2;10;45;Trancado
161840;0,523;6;09/04/14;FI71M;2014;1;2,8;60;Trancado
161840;0,523;6;09/04/14;FI71M;2014;2;6,4;60;Trancado
161840;0,523;6;09/04/14;FI72N;2015;2;6;30;Trancado
161840;0,523;6;09/04/14;FI72N;2015;1;5,1;30;Trancado
161840;0,523;6;09/04/14;FI72M;2015;2;7,3;60;Trancado
161840;0,523;6;09/04/14;FI72M;2015;1;0,5;60;Trancado
161840;0,523;6;09/04/14;QB70D;2015;2;6;90;Trancado
161840;0,523;6;09/04/14;QB70D;2015;1;5,4;90;Trancado
161840;0,523;6;09/04/14;FI74M;2019;2;0,7;60;Trancado
161840;0,523;6;09/04/14;ES70L;2016;1;7,8;30;Trancado
161840;0,523;6;09/04/14;ES70P;2017;1;7,8;45;Trancado
161840;0,523;6;09/04/14;ES70R;2014;1;6;30;Trancado
161840;0,523;6;09/04/14;EL62O;2014;2;9;45;Trancado
161840;0,523;6;09/04/14;IF63O;2015;2;6,1;45;Trancado
161840;0,523;6;09/04/14;FI73M;2018;2;4,8;60;Trancado
161840;0,523;6;09/04/14;CSF13;2017;1;7,6;90;Trancado
161840;0,523;6;09/04/14;CSE20;2017;1;6,3;60;Trancado
161840;0,523;6;09/04/14;CSD20;2017;1;6,2;45;Trancado
161840;0,523;6;09/04/14;CSF20;2017;1;7,1;45;Trancado
161840;0,523;6;09/04/14;CSD21;2018;2;6,7;45;Trancado
161840;0,523;6;09/04/14;CSD21;2018;1;2;45;Trancado
161840;0,523;6;09/04/14;CSF30;2017;2;7,9;45;Trancado
161840;0,523;6;09/04/14;CSG20;2018;2;8,3;45;Trancado
161840;0,523;6;09/04/14;CSB30;2018;2;6,7;60;Trancado
161840;0,523;6;09/04/14;CSA30;2019;2;4,1;45;Trancado
161840;0,523;6;09/04/14;CSA30;2019;1;2,8;45;Trancado
161840;0,523;6;09/04/14;CSO30;2020;1;0;60;Trancado
161840;0,523;6;09/04/14;EL73F;2019;2;6;75;Trancado
161840;0,523;6;09/04/14;EL73F;2019;1;2;75;Trancado
161840;0,523;6;09/04/14;CSH30;2017;1;6,1;45;Trancado
161840;0,523;6;09/04/14;CSR31;2019;1;6,9;30;Trancado
161840;0,523;6;09/04/14;FI74N;2019;1;6;30;Trancado
161840;0,523;6;09/04/14;CSW30;2019;1;6,6;60;Trancado
161840;0,523;6;09/04/14;EEX11;2017;1;7;45;Trancado
161840;0,523;6;09/04/14;EEB21;2017;2;6;45;Trancado
161840;0,523;6;09/04/14;EEX21;2017;1;8,5;45;Trancado
161840;0,523;6;09/04/14;EEQ31;2018;2;6,2;75;Trancado
161840;0,523;6;09/04/14;EEB31;2018;1;8,1;90;Trancado
161840;0,523;6;09/04/14;EEB22;2019;2;6;45;Trancado
161840;0,523;6;09/04/14;EEF11;2017;1;9;30;Trancado
161840;0,523;6;09/04/14;EEF21;2018;1;9,3;30;Trancado
161840;0,523;6;09/04/14;EEX22;2018;1;6;45;Trancado
161840;0,523;6;09/04/14;FI71S;2017;1;6,4;60;Trancado
161840;0,523;6;09/04/14;FI72S;2017;1;6,9;60;Trancado
161840;0,523;6;09/04/14;MA61A;2014;2;6;90;Trancado
161840;0,523;6;09/04/14;FI61A;2014;2;6,4;75;Trancado
161840;0,523;6;09/04/14;FI62A;2015;2;6,9;75;Trancado
161840;0,523;6;09/04/14;QB62A;2015;2;6;90;Trancado
161840;0,523;6;09/04/14;ES60A;2016;1;7,8;30;Trancado
161840;0,523;6;09/04/14;ES61A;2014;1;6;30;Trancado
161840;0,523;6;09/04/14;IF61B;2014;1;5,1;60;Trancado
161840;0,523;6;09/04/14;IF61B;2014;2;6,2;60;Trancado
161840;0,523;6;09/04/14;IF61C;2014;1;3,3;90;Trancado
161840;0,523;6;09/04/14;IF61C;2014;2;7,6;90;Trancado
161840;0,523;6;09/04/14;EL62A;2014;2;9;60;Trancado
161840;0,523;6;09/04/14;IF62C;2016;1;6,3;60;Trancado
161840;0,523;6;09/04/14;IF62C;2015;2;2,4;60;Trancado
161840;0,523;6;09/04/14;IF62C;2015;1;1,9;60;Trancado
161840;0,523;6;09/04/14;IF62J;2015;1;8,5;45;Trancado
161840;0,523;6;09/04/14;IF63C;2016;2;5,4;45;Trancado
161840;0,523;6;09/04/14;IF63E;2016;2;4,2;60;Trancado
161840;0,523;6;09/04/14;FI64C;2016;2;10;60;Trancado
161840;0,523;6;09/04/14;ENADE I;2014;2;;0;Trancado
161840;0,523;6;09/04/14;EL66C;2019;1;6,6;60;Trancado
161840;0,523;6;09/04/14;MA71A;2014;1;0,3;90;Trancado
161840;0,523;6;09/04/14;MA71A;2014;2;6;90;Trancado
161840;0,523;6;09/04/14;MA71B;2014;1;2,9;90;Trancado
161840;0,523;6;09/04/14;MA71B;2019;2;6;90;Trancado
161840;0,523;6;09/04/14;MA71B;2019;1;4,6;90;Trancado
161840;0,523;6;09/04/14;MA71B;2018;2;5,6;90;Trancado
161840;0,523;6;09/04/14;MA71B;2017;2;0,9;90;Trancado
161840;0,523;6;09/04/14;MA71B;2016;1;4,4;90;Trancado
161840;0,523;6;09/04/14;MA71B;2015;1;1,5;90;Trancado
179394;0,6344;7;29/02/16;EEB22;2018;2;7,5;45;Trancado
179394;0,6344;7;29/02/16;EEB22;2018;1;2;45;Trancado
179394;0,6344;7;29/02/16;EEF11;2017;1;10;30;Trancado
179394;0,6344;7;29/02/16;EEE31;2020;2;6,4;60;Trancado
179394;0,6344;7;29/02/16;EEE31;2020;1;-1;60;Trancado
179394;0,6344;7;29/02/16;EEE31;2019;2;0;60;Trancado
179394;0,6344;7;29/02/16;EEF21;2018;1;8,7;30;Trancado
179394;0,6344;7;29/02/16;EEE32;2022;1;8,8;60;Trancado
179394;0,6344;7;29/02/16;EEE32;2021;2;0;60;Trancado
179394;0,6344;7;29/02/16;FI71S;2017;1;6;60;Trancado
179394;0,6344;7;29/02/16;FI72S;2017;1;6;60;Trancado
179394;0,6344;7;29/02/16;FI73S;2017;2;6,6;60;Trancado
179394;0,6344;7;29/02/16;FI74S;2018;2;6;60;Trancado
179394;0,6344;7;29/02/16;ELF62;2022;2;0,5;60;Trancado
179394;0,6344;7;29/02/16;MA61A;2016;2;7,4;90;Trancado
179394;0,6344;7;29/02/16;MA61B;2016;1;6,2;90;Trancado
179394;0,6344;7;29/02/16;FI61A;2016;2;6;75;Trancado
179394;0,6344;7;29/02/16;QB62A;2016;2;6,6;90;Trancado
179394;0,6344;7;29/02/16;ES60A;2016;2;9;30;Trancado
179394;0,6344;7;29/02/16;ES61A;2016;1;6,5;30;Trancado
179394;0,6344;7;29/02/16;IF61B;2016;1;8,3;60;Trancado
179394;0,6344;7;29/02/16;IF61C;2016;1;7,4;90;Trancado
179394;0,6344;7;29/02/16;IF62C;2016;2;8,8;60;Trancado
179394;0,6344;7;29/02/16;IF62J;2016;2;6,5;45;Trancado
179394;0,6344;7;29/02/16;EL64F;2018;2;7,5;75;Trancado
179394;0,6344;7;29/02/16;EL66E;2022;1;8,8;120;Trancado
179394;0,6344;7;29/02/16;ENADE I;2016;1;;0;Trancado
179394;0,6344;7;29/02/16;MA71A;2016;2;7,4;90;Trancado
179394;0,6344;7;29/02/16;MA71A;2016;1;2;90;Trancado
179394;0,6344;7;29/02/16;MA71B;2016;1;6,2;90;Trancado
179394;0,6344;7;29/02/16;MA72A;2017;1;6;60;Trancado
179394;0,6344;7;29/02/16;MA70H;2017;2;6;60;Trancado
179394;0,6344;7;29/02/16;MA73A;2017;2;7;60;Trancado
179394;0,6344;7;29/02/16;GE70D;2021;1;7,1;30;Trancado
179394;0,6344;7;29/02/16;MA70G;2017;2;6,8;60;Trancado
179394;0,6344;7;29/02/16;QB70C;2017;1;6,6;75;Trancado
179394;0,6344;7;29/02/16;ES70G;2018;1;10;45;Trancado
179394;0,6344;7;29/02/16;FI71M;2016;2;6;60;Trancado
179394;0,6344;7;29/02/16;FI71M;2016;1;1,9;60;Trancado
179394;0,6344;7;29/02/16;FI72N;2019;1;7,8;30;Trancado
179394;0,6344;7;29/02/16;FI72N;2017;1;5;30;Trancado
179394;0,6344;7;29/02/16;FI72M;2017;1;6;60;Trancado
179394;0,6344;7;29/02/16;QB70D;2016;2;6,6;90;Trancado
179394;0,6344;7;29/02/16;FI74M;2018;2;6;60;Trancado
179394;0,6344;7;29/02/16;QB70E;2023;1;0;30;Trancado
179394;0,6344;7;29/02/16;ES70L;2016;2;9;30;Trancado
179394;0,6344;7;29/02/16;ES70P;2017;1;9;45;Trancado
179394;0,6344;7;29/02/16;ES70R;2016;1;6,5;30;Trancado
179394;0,6344;7;29/02/16;EL62O;2016;2;10;45;Trancado
179394;0,6344;7;29/02/16;FI73M;2017;2;6,6;60;Trancado
179394;0,6344;7;29/02/16;CSF13;2017;1;7,4;90;Trancado
179394;0,6344;7;29/02/16;CSE20;2017;1;8,8;60;Trancado
179394;0,6344;7;29/02/16;CSD20;2017;1;8,3;45;Trancado
179394;0,6344;7;29/02/16;CSF20;2017;1;7;45;Trancado
179394;0,6344;7;29/02/16;CSD21;2018;2;6,4;45;Trancado
179394;0,6344;7;29/02/16;CSF30;2017;2;8,5;45;Trancado
179394;0,6344;7;29/02/16;CSG20;2019;1;9;45;Trancado
179394;0,6344;7;29/02/16;CSB30;2020;2;7,2;60;Trancado
179394;0,6344;7;29/02/16;CSB30;2019;1;3;60;Trancado
179394;0,6344;7;29/02/16;CSA30;2021;1;8,2;45;Trancado
179394;0,6344;7;29/02/16;CSA30;2020;2;1,7;45;Trancado
179394;0,6344;7;29/02/16;CSA30;2020;1;-1;45;Trancado
179394;0,6344;7;29/02/16;CSA30;2019;2;0;45;Trancado
179394;0,6344;7;29/02/16;CSO30;2021;1;6,4;60;Trancado
179394;0,6344;7;29/02/16;CSE30;2020;2;7,4;60;Trancado
179394;0,6344;7;29/02/16;CSE30;2020;1;-1;60;Trancado
179394;0,6344;7;29/02/16;CSI30;2022;2;6,2;45;Trancado
179394;0,6344;7;29/02/16;CSR31;2020;2;8,5;30;Trancado
179394;0,6344;7;29/02/16;CSR31;2019;1;1,5;30;Trancado
179394;0,6344;7;29/02/16;FI74N;2018;2;6,7;30;Trancado
179394;0,6344;7;29/02/16;CSW30;2020;1;7,8;60;Trancado
179394;0,6344;7;29/02/16;CSW30;2019;2;0;60;Trancado
179394;0,6344;7;29/02/16;CSW30;2019;1;3,1;60;Trancado
179394;0,6344;7;29/02/16;EEX11;2017;1;7,5;45;Trancado
179394;0,6344;7;29/02/16;EEB21;2017;2;6,8;45;Trancado
179394;0,6344;7;29/02/16;EEX21;2017;1;6,5;45;Trancado
179394;0,6344;7;29/02/16;EEQ31;2018;1;6,4;75;Trancado
179394;0,6344;7;29/02/16;EEB31;2018;1;8;90;Trancado
186224;0,6919;6;22/01/21 18:30;EEQ31;2020;2;6;75;Trancado
186224;0,6919;6;22/01/21 18:30;EEX21;2021;1;9,5;45;Trancado
186224;0,6919;6;22/01/21 18:30;EEB22;2020;2;6,1;45;Trancado
186224;0,6919;6;22/01/21 18:30;EEF11;2020;2;9,8;30;Trancado
186224;0,6919;6;22/01/21 18:30;EEE31;2020;2;6,6;60;Trancado
186224;0,6919;6;22/01/21 18:30;EEF21;2021;2;0;30;Trancado
186224;0,6919;6;22/01/21 18:30;EEE32;2020;2;7,3;60;Trancado
186224;0,6919;6;22/01/21 18:30;EEC21;2022;1;0;60;Trancado
186224;0,6919;6;22/01/21 18:30;EEQ32;2020;2;6,7;45;Trancado
186224;0,6919;6;22/01/21 18:30;FI71S;2020;2;7,5;60;Trancado
186224;0,6919;6;22/01/21 18:30;FI72S;2020;2;9,2;60;Trancado
186224;0,6919;6;22/01/21 18:30;FI73S;2020;2;7,7;60;Trancado
186224;0,6919;6;22/01/21 18:30;FI74S;2020;2;6,7;60;Trancado
186224;0,6919;6;22/01/21 18:30;ELF74;2020;2;5,5;60;Trancado
186224;0,6919;6;22/01/21 18:30;EL64B;2020;2;6;60;Trancado
186224;0,6919;6;22/01/21 18:30;EL65B;2020;2;6,7;60;Trancado
186224;0,6919;6;22/01/21 18:30;EL65F;2020;2;7,5;60;Trancado
186224;0,6919;6;22/01/21 18:30;EL66E;2020;2;7,3;120;Trancado
186224;0,6919;6;22/01/21 18:30;ENADE I;2020;2;;0;Trancado
186224;0,6919;6;22/01/21 18:30;MA71A;2020;2;7,6;90;Trancado
186224;0,6919;6;22/01/21 18:30;MA71B;2020;2;6,4;90;Trancado
186224;0,6919;6;22/01/21 18:30;MA72A;2020;2;6,1;60;Trancado
186224;0,6919;6;22/01/21 18:30;MA70H;2020;2;6;60;Trancado
186224;0,6919;6;22/01/21 18:30;MA73A;2020;2;6;60;Trancado
186224;0,6919;6;22/01/21 18:30;GE70D;2021;2;0;30;Trancado
186224;0,6919;6;22/01/21 18:30;MA70G;2020;2;6;60;Trancado
186224;0,6919;6;22/01/21 18:30;GE70H;2021;2;0;30;Trancado
186224;0,6919;6;22/01/21 18:30;QB70C;2020;2;7,8;75;Trancado
186224;0,6919;6;22/01/21 18:30;ES70G;2022;1;6,3;45;Trancado
186224;0,6919;6;22/01/21 18:30;FI72N;2020;2;8,4;30;Trancado
186224;0,6919;6;22/01/21 18:30;MA70C;2020;2;7,5;60;Trancado
186224;0,6919;6;22/01/21 18:30;QB70E;2021;2;0;30;Trancado
186224;0,6919;6;22/01/21 18:30;ES70N;2020;2;9,2;30;Trancado
186224;0,6919;6;22/01/21 18:30;ES70P;2022;2;0;45;Trancado
186224;0,6919;6;22/01/21 18:30;FI70D;2020;2;6;30;Trancado
186224;0,6919;6;22/01/21 18:30;DI84D;2021;1;7,5;75;Trancado
186224;0,6919;6;22/01/21 18:30;CSF13;2020;2;10;90;Trancado
186224;0,6919;6;22/01/21 18:30;CSE20;2020;2;9;60;Trancado
186224;0,6919;6;22/01/21 18:30;CSD20;2020;2;6;45;Trancado
186224;0,6919;6;22/01/21 18:30;CSF20;2020;2;8,7;45;Trancado
186224;0,6919;6;22/01/21 18:30;CSD21;2021;1;2,7;45;Trancado
186224;0,6919;6;22/01/21 18:30;CSD21;2022;2;0;45;Trancado
186224;0,6919;6;22/01/21 18:30;CSD21;2022;1;2,5;45;Trancado
186224;0,6919;6;22/01/21 18:30;CSD21;2021;2;0;45;Trancado
186224;0,6919;6;22/01/21 18:30;CSF30;2020;2;8,7;45;Trancado
186224;0,6919;6;22/01/21 18:30;CSG20;2020;2;10;45;Trancado
186224;0,6919;6;22/01/21 18:30;CSO30;2021;1;0;60;Trancado
186224;0,6919;6;22/01/21 18:30;CSO30;2021;2;0;60;Trancado
186224;0,6919;6;22/01/21 18:30;CSE30;2021;1;6,5;60;Trancado
186224;0,6919;6;22/01/21 18:30;CSM40;2021;1;7,1;60;Trancado
186224;0,6919;6;22/01/21 18:30;CSM44;2021;1;7,5;90;Trancado
186224;0,6919;6;22/01/21 18:30;CSR31;2021;2;0;30;Trancado
186224;0,6919;6;22/01/21 18:30;CSR31;2022;1;7,7;30;Trancado
186224;0,6919;6;22/01/21 18:30;CSW40;2020;2;6,3;60;Trancado
186224;0,6919;6;22/01/21 18:30;FI74N;2020;2;7,7;30;Trancado
186224;0,6919;6;22/01/21 18:30;CSW30;2020;2;8,2;60;Trancado
186224;0,6919;6;22/01/21 18:30;EEX11;2020;2;8,8;45;Trancado
186224;0,6919;6;22/01/21 18:30;EEB21;2020;2;9,4;45;Trancado
186224;0,6919;6;22/01/21 18:30;EEB31;2020;2;6,3;90;Trancado
186558;0,3037;2;08/08/16;CSD21;2019;2;0,1;45;Trancado
186558;0,3037;2;08/08/16;CSD21;2020;1;-1;45;Trancado
186558;0,3037;2;08/08/16;CL72A;2021;2;0;90;Trancado
186558;0,3037;2;08/08/16;EEX11;2019;1;6;45;Trancado
186558;0,3037;2;08/08/16;EEX21;2019;2;9;45;Trancado
186558;0,3037;2;08/08/16;EEF11;2019;2;10;30;Trancado
186558;0,3037;2;08/08/16;EEF21;2021;1;10;30;Trancado
186558;0,3037;2;08/08/16;FI71S;2020;1;7,4;60;Trancado
186558;0,3037;2;08/08/16;GE77J;2021;2;0;60;Trancado
186558;0,3037;2;08/08/16;ELM01;2022;1;2,4;60;Trancado
186558;0,3037;2;08/08/16;ELB23;2021;1;10;30;Trancado
186558;0,3037;2;08/08/16;FI71Y;2023;1;0;30;Trancado
186558;0,3037;2;08/08/16;MA70K;2021;2;0;60;Trancado
186558;0,3037;2;08/08/16;ES61A;2016;2;6,5;30;Trancado
186558;0,3037;2;08/08/16;IF61B;2016;2;3,3;60;Trancado
186558;0,3037;2;08/08/16;IF61C;2016;2;2,3;90;Trancado
186558;0,3037;2;08/08/16;EF63D;2020;1;-1;60;Trancado
186558;0,3037;2;08/08/16;ENADE I;2016;2;;0;Trancado
186558;0,3037;2;08/08/16;MA71A;2020;2;7,6;90;Trancado
186558;0,3037;2;08/08/16;MA71A;2020;1;-1;90;Trancado
186558;0,3037;2;08/08/16;MA71A;2019;1;1,7;90;Trancado
186558;0,3037;2;08/08/16;MA71A;2018;2;0,5;90;Trancado
186558;0,3037;2;08/08/16;MA71A;2017;2;0,3;90;Trancado
186558;0,3037;2;08/08/16;MA71A;2017;1;1,1;90;Trancado
186558;0,3037;2;08/08/16;MA71A;2016;2;0;90;Trancado
186558;0,3037;2;08/08/16;MA71B;2019;1;6;90;Trancado
186558;0,3037;2;08/08/16;MA71B;2018;2;0;90;Trancado
186558;0,3037;2;08/08/16;MA71B;2019;0;1,4;90;Trancado
186558;0,3037;2;08/08/16;MA71B;2017;2;0,4;90;Trancado
186558;0,3037;2;08/08/16;MA71B;2016;2;0;90;Trancado
186558;0,3037;2;08/08/16;MA72A;2023;1;0;60;Trancado
186558;0,3037;2;08/08/16;MA72A;2022;2;4,3;60;Trancado
186558;0,3037;2;08/08/16;QB70C;2017;1;1,1;75;Trancado
186558;0,3037;2;08/08/16;QB70C;2022;1;0;75;Trancado
186558;0,3037;2;08/08/16;ES70G;2020;2;9;45;Trancado
186558;0,3037;2;08/08/16;FI71M;2020;1;7,4;60;Trancado
186558;0,3037;2;08/08/16;FI71M;2018;2;0,8;60;Trancado
186558;0,3037;2;08/08/16;FI71M;2019;0;2;60;Trancado
186558;0,3037;2;08/08/16;FI71M;2017;2;1,8;60;Trancado
186558;0,3037;2;08/08/16;FI71M;2016;2;0,3;60;Trancado
186558;0,3037;2;08/08/16;FI72N;2021;1;0;30;Trancado
186558;0,3037;2;08/08/16;FI72N;2022;2;0;30;Trancado
186558;0,3037;2;08/08/16;FI72N;2022;1;0;30;Trancado
186558;0,3037;2;08/08/16;FI72N;2021;2;1,4;30;Trancado
186558;0,3037;2;08/08/16;QB70D;2020;1;-1;90;Trancado
186558;0,3037;2;08/08/16;QB70D;2018;1;2,6;90;Trancado
186558;0,3037;2;08/08/16;ES70R;2016;2;6,5;30;Trancado
186558;0,3037;2;08/08/16;CSF13;2017;2;6;90;Trancado
186558;0,3037;2;08/08/16;CSF13;2017;1;4,9;90;Trancado
186558;0,3037;2;08/08/16;CSE20;2021;2;0,8;60;Trancado
186558;0,3037;2;08/08/16;CSE20;2020;1;-1;60;Trancado
186558;0,3037;2;08/08/16;CSE20;2019;1;0;60;Trancado
186558;0,3037;2;08/08/16;CSE20;2018;2;4,4;60;Trancado
186558;0,3037;2;08/08/16;CSE20;2018;1;4,7;60;Trancado
186558;0,3037;2;08/08/16;CSE20;2017;2;0,6;60;Trancado
186558;0,3037;2;08/08/16;CSE20;2023;1;0;60;Trancado
186558;0,3037;2;08/08/16;CSD20;2017;1;6;45;Trancado
186558;0,3037;2;08/08/16;CSF20;2018;1;6;45;Trancado
186558;0,3037;2;08/08/16;CSF30;2019;2;6;45;Trancado
186625;0,444;4;08/08/16;FI73S;2020;1;7,5;60;Trancado
186625;0,444;4;08/08/16;FI74S;2021;2;6;60;Trancado
186625;0,444;4;08/08/16;ES61A;2016;2;8,5;30;Trancado
186625;0,444;4;08/08/16;IF61B;2016;2;6;60;Trancado
186625;0,444;4;08/08/16;IF61C;2016;2;4,5;90;Trancado
186625;0,444;4;08/08/16;ENADE I;2016;2;;0;Trancado
186625;0,444;4;08/08/16;MA71A;2019;2;6,6;90;Trancado
186625;0,444;4;08/08/16;MA71A;2019;1;5,1;90;Trancado
186625;0,444;4;08/08/16;MA71A;2018;2;5;90;Trancado
186625;0,444;4;08/08/16;MA71A;2018;1;3,5;90;Trancado
186625;0,444;4;08/08/16;MA71A;2017;2;1;90;Trancado
186625;0,444;4;08/08/16;MA71A;2017;1;3,7;90;Trancado
186625;0,444;4;08/08/16;MA71A;2016;2;0,5;90;Trancado
186625;0,444;4;08/08/16;MA71B;2019;2;7,5;90;Trancado
186625;0,444;4;08/08/16;MA71B;2019;1;2,8;90;Trancado
186625;0,444;4;08/08/16;MA71B;2018;2;3,3;90;Trancado
186625;0,444;4;08/08/16;MA71B;2018;1;1,1;90;Trancado
186625;0,444;4;08/08/16;MA71B;2017;2;2;90;Trancado
186625;0,444;4;08/08/16;MA71B;2017;1;0,6;90;Trancado
186625;0,444;4;08/08/16;MA71B;2016;2;0,2;90;Trancado
186625;0,444;4;08/08/16;MA72A;2019;2;6;60;Trancado
186625;0,444;4;08/08/16;MA72A;2019;1;2,5;60;Trancado
186625;0,444;4;08/08/16;MA70H;2021;1;0,1;60;Trancado
186625;0,444;4;08/08/16;MA70H;2020;1;-1;60;Trancado
186625;0,444;4;08/08/16;MA70H;2021;2;8,5;60;Trancado
186625;0,444;4;08/08/16;MA73A;2021;1;7;60;Trancado
186625;0,444;4;08/08/16;MA73A;2020;2;4,9;60;Trancado
186625;0,444;4;08/08/16;MA73A;2020;1;-1;60;Trancado
186625;0,444;4;08/08/16;MA70G;2021;1;8,8;60;Trancado
186625;0,444;4;08/08/16;MA70G;2020;2;5,8;60;Trancado
186625;0,444;4;08/08/16;MA70G;2020;1;-1;60;Trancado
186625;0,444;4;08/08/16;QB70C;2017;2;6;75;Trancado
186625;0,444;4;08/08/16;QB70C;2017;1;2,6;75;Trancado
186625;0,444;4;08/08/16;FI71M;2017;2;6;60;Trancado
186625;0,444;4;08/08/16;FI71M;2017;1;2,2;60;Trancado
186625;0,444;4;08/08/16;FI71M;2016;2;0,9;60;Trancado
186625;0,444;4;08/08/16;FI72N;2019;2;6,5;30;Trancado
186625;0,444;4;08/08/16;FI72M;2019;2;6;60;Trancado
186625;0,444;4;08/08/16;QB70D;2017;2;6;90;Trancado
186625;0,444;4;08/08/16;FI74M;2021;2;6;60;Trancado
186625;0,444;4;08/08/16;ES70R;2016;2;8,5;30;Trancado
186625;0,444;4;08/08/16;FI73M;2020;1;7,5;60;Trancado
186625;0,444;4;08/08/16;CSF13;2017;2;6,2;90;Trancado
186625;0,444;4;08/08/16;CSF13;2017;1;5;90;Trancado
186625;0,444;4;08/08/16;CSE20;2018;1;6;60;Trancado
186625;0,444;4;08/08/16;CSD20;2017;1;6;45;Trancado
186625;0,444;4;08/08/16;CSF20;2018;1;6,3;45;Trancado
186625;0,444;4;08/08/16;CSD21;2021;1;6,6;45;Trancado
186625;0,444;4;08/08/16;CSD21;2018;2;2;45;Trancado
186625;0,444;4;08/08/16;CSF30;2020;2;8,1;45;Trancado
186625;0,444;4;08/08/16;CSF30;2020;1;-1;45;Trancado
186625;0,444;4;08/08/16;CSF30;2019;1;2,1;45;Trancado
186625;0,444;4;08/08/16;CSF30;2018;2;1,8;45;Trancado
186625;0,444;4;08/08/16;CSG20;2021;2;10;45;Trancado
186625;0,444;4;08/08/16;FI74N;2022;1;0;30;Trancado
186625;0,444;4;08/08/16;EEX11;2018;1;8,9;45;Trancado
186625;0,444;4;08/08/16;EEB21;2021;1;4,3;45;Trancado
186625;0,444;4;08/08/16;EEB21;2020;2;2,3;45;Trancado
186625;0,444;4;08/08/16;EEB21;2021;2;6;45;Trancado
186625;0,444;4;08/08/16;EEX21;2018;2;9,9;45;Trancado
186625;0,444;4;08/08/16;EEQ31;2021;2;0,5;75;Trancado
186625;0,444;4;08/08/16;EEB22;2022;1;0;45;Trancado
186625;0,444;4;08/08/16;EEF11;2018;1;7,8;30;Trancado
186625;0,444;4;08/08/16;EEF21;2020;2;7,2;30;Trancado
186625;0,444;4;08/08/16;FI71S;2017;2;6;60;Trancado
186625;0,444;4;08/08/16;FI72S;2019;2;6;60;Trancado
186626;0,4199;4;08/08/16;CSE20;2019;2;5,5;60;Trancado
186626;0,4199;4;08/08/16;CSE20;2018;2;3,7;60;Trancado
186626;0,4199;4;08/08/16;CSE20;2018;1;0,2;60;Trancado
186626;0,4199;4;08/08/16;CSE20;2017;2;1;60;Trancado
186626;0,4199;4;08/08/16;CSD20;2017;1;6,3;45;Trancado
186626;0,4199;4;08/08/16;CSF20;2017;2;8,3;45;Trancado
186626;0,4199;4;08/08/16;CSD21;2018;2;6,7;45;Trancado
186626;0,4199;4;08/08/16;CSD21;2018;1;3,1;45;Trancado
186626;0,4199;4;08/08/16;CSF30;2018;2;6,6;45;Trancado
186626;0,4199;4;08/08/16;CSG20;2020;1;-1;45;Trancado
186626;0,4199;4;08/08/16;CSG20;2022;2;7,3;45;Trancado
186626;0,4199;4;08/08/16;CSG20;2022;1;0;45;Trancado
186626;0,4199;4;08/08/16;CSG20;2021;2;0;45;Trancado
186626;0,4199;4;08/08/16;CSB30;2020;2;2;60;Trancado
186626;0,4199;4;08/08/16;CSB30;2020;1;0;60;Trancado
186626;0,4199;4;08/08/16;CSB30;2022;2;6,1;60;Trancado
186626;0,4199;4;08/08/16;CSB30;2022;1;1,1;60;Trancado
186626;0,4199;4;08/08/16;CSB30;2021;2;5,2;60;Trancado
186626;0,4199;4;08/08/16;CSA30;2021;1;0,1;45;Trancado
186626;0,4199;4;08/08/16;CSA30;2019;2;1,7;45;Trancado
186626;0,4199;4;08/08/16;CSA30;2023;1;0,3;45;Trancado
186626;0,4199;4;08/08/16;CSA30;2022;1;0,9;45;Trancado
186626;0,4199;4;08/08/16;CSI30;2021;1;6,4;45;Trancado
186626;0,4199;4;08/08/16;EEX11;2017;2;9;45;Trancado
186626;0,4199;4;08/08/16;EEB21;2023;1;1;45;Trancado
186626;0,4199;4;08/08/16;EEB21;2022;1;0,6;45;Trancado
186626;0,4199;4;08/08/16;EEX21;2019;1;7,6;45;Trancado
186626;0,4199;4;08/08/16;EEQ31;2020;1;-1;75;Trancado
186626;0,4199;4;08/08/16;EEF11;2018;1;7;30;Trancado
186626;0,4199;4;08/08/16;EEF21;2019;1;10;30;Trancado
186626;0,4199;4;08/08/16;FI71S;2018;2;6,2;60;Trancado
186626;0,4199;4;08/08/16;FI72S;2021;2;7,9;60;Trancado
186626;0,4199;4;08/08/16;ELN83A;2023;1;1,8;60;Trancado
186626;0,4199;4;08/08/16;ELN8AB;2023;1;0;60;Trancado
186626;0,4199;4;08/08/16;ET56F;2023;1;9,5;32;Trancado
186626;0,4199;4;08/08/16;ES61A;2016;2;8;30;Trancado
186626;0,4199;4;08/08/16;IF61B;2016;2;6,3;60;Trancado
186626;0,4199;4;08/08/16;IF61C;2016;2;2,3;90;Trancado
186626;0,4199;4;08/08/16;ENADE I;2016;2;;0;Trancado
186626;0,4199;4;08/08/16;MA71A;2017;1;6,2;90;Trancado
186626;0,4199;4;08/08/16;MA71A;2016;2;0;90;Trancado
186626;0,4199;4;08/08/16;MA71B;2017;2;8,2;90;Trancado
186626;0,4199;4;08/08/16;MA71B;2017;1;4,2;90;Trancado
186626;0,4199;4;08/08/16;MA71B;2016;2;1,3;90;Trancado
186626;0,4199;4;08/08/16;MA72A;2018;1;7,7;60;Trancado
186626;0,4199;4;08/08/16;MA72A;2017;2;5,1;60;Trancado
186626;0,4199;4;08/08/16;MA70H;2019;1;10;60;Trancado
186626;0,4199;4;08/08/16;MA70H;2018;2;4,7;60;Trancado
186626;0,4199;4;08/08/16;MA73A;2019;2;6,5;60;Trancado
186626;0,4199;4;08/08/16;MA73A;2019;1;1,2;60;Trancado
186626;0,4199;4;08/08/16;MA73A;2018;2;2,2;60;Trancado
186626;0,4199;4;08/08/16;GE70D;2021;1;7,5;30;Trancado
186626;0,4199;4;08/08/16;MA70G;2019;2;7,4;60;Trancado
186626;0,4199;4;08/08/16;MA70G;2019;1;3,3;60;Trancado
186626;0,4199;4;08/08/16;QB70C;2018;1;6,9;75;Trancado
186626;0,4199;4;08/08/16;QB70C;2017;2;2,6;75;Trancado
186626;0,4199;4;08/08/16;ES70G;2019;1;9;45;Trancado
186626;0,4199;4;08/08/16;FI71M;2018;2;6,2;60;Trancado
186626;0,4199;4;08/08/16;FI71M;2018;1;4;60;Trancado
186626;0,4199;4;08/08/16;FI71M;2017;1;4;60;Trancado
186626;0,4199;4;08/08/16;FI71M;2016;2;0,3;60;Trancado
186626;0,4199;4;08/08/16;FI72N;2018;1;6,8;30;Trancado
186626;0,4199;4;08/08/16;FI72N;2017;2;5,6;30;Trancado
186626;0,4199;4;08/08/16;FI72M;2021;1;4,5;60;Trancado
186626;0,4199;4;08/08/16;FI72M;2020;2;1,2;60;Trancado
186626;0,4199;4;08/08/16;FI72M;2020;1;-1;60;Trancado
186626;0,4199;4;08/08/16;FI72M;2019;2;3,5;60;Trancado
186626;0,4199;4;08/08/16;FI72M;2019;1;3,8;60;Trancado
186626;0,4199;4;08/08/16;FI72M;2018;2;2;60;Trancado
186626;0,4199;4;08/08/16;FI72M;2017;2;3;60;Trancado
186626;0,4199;4;08/08/16;FI72M;2021;2;7,9;60;Trancado
186626;0,4199;4;08/08/16;QB70D;2018;1;6,9;90;Trancado
186626;0,4199;4;08/08/16;ES70P;2021;1;9;45;Trancado
186626;0,4199;4;08/08/16;ES70R;2016;2;8;30;Trancado
186626;0,4199;4;08/08/16;FI73M;2023;1;0;60;Trancado
186626;0,4199;4;08/08/16;FI73M;2022;1;0,1;60;Trancado
186626;0,4199;4;08/08/16;CSF13;2017;1;8;90;Trancado
186626;0,4199;4;08/08/16;CSE20;2021;1;7,8;60;Trancado
186626;0,4199;4;08/08/16;CSE20;2020;2;3,7;60;Trancado
186626;0,4199;4;08/08/16;CSE20;2020;1;-1;60;Trancado
189049;0,5067;5;08/08/16;CSB30;2020;1;-1;60;Trancado
189049;0,5067;5;08/08/16;CSA30;2021;1;0;45;Trancado
189049;0,5067;5;08/08/16;CSA30;2020;2;0;45;Trancado
189049;0,5067;5;08/08/16;CSA30;2020;1;-1;45;Trancado
189049;0,5067;5;08/08/16;CSR31;2020;2;8,2;30;Trancado
189049;0,5067;5;08/08/16;CSR31;2020;1;-1;30;Trancado
189049;0,5067;5;08/08/16;FI74N;2020;1;-1;30;Trancado
189049;0,5067;5;08/08/16;CSW30;2020;1;9,3;60;Trancado
189049;0,5067;5;08/08/16;EEX11;2018;1;9,2;45;Trancado
189049;0,5067;5;08/08/16;EEB21;2019;1;6,6;45;Trancado
189049;0,5067;5;08/08/16;EEB21;2018;2;4,6;45;Trancado
189049;0,5067;5;08/08/16;EEX21;2018;2;9,4;45;Trancado
189049;0,5067;5;08/08/16;EEQ31;2021;1;0;75;Trancado
189049;0,5067;5;08/08/16;EEQ31;2020;2;0;75;Trancado
189049;0,5067;5;08/08/16;EEQ31;2019;2;5,2;75;Trancado
189049;0,5067;5;08/08/16;EEB31;2019;2;6;90;Trancado
189049;0,5067;5;08/08/16;EEB22;2021;1;0;45;Trancado
189049;0,5067;5;08/08/16;EEB22;2020;2;0;45;Trancado
189049;0,5067;5;08/08/16;EEB22;2020;1;-1;45;Trancado
189049;0,5067;5;08/08/16;EEB22;2019;2;3,1;45;Trancado
189049;0,5067;5;08/08/16;EEF11;2018;1;8,1;30;Trancado
189049;0,5067;5;08/08/16;EEF21;2020;1;9,5;30;Trancado
189049;0,5067;5;08/08/16;FI71S;2017;2;8,1;60;Trancado
189049;0,5067;5;08/08/16;FI72S;2018;1;6,1;60;Trancado
189049;0,5067;5;08/08/16;FI73S;2019;1;7,9;60;Trancado
189049;0,5067;5;08/08/16;ES61A;2016;2;8,5;30;Trancado
189049;0,5067;5;08/08/16;IF61B;2016;2;6;60;Trancado
189049;0,5067;5;08/08/16;IF61C;2016;2;3,2;90;Trancado
189049;0,5067;5;08/08/16;ENADE I;2016;2;;0;Trancado
189049;0,5067;5;08/08/16;MA71A;2017;1;7;90;Trancado
189049;0,5067;5;08/08/16;MA71A;2016;2;1,9;90;Trancado
189049;0,5067;5;08/08/16;MA71B;2018;2;6;90;Trancado
189049;0,5067;5;08/08/16;MA71B;2017;2;2,8;90;Trancado
189049;0,5067;5;08/08/16;MA71B;2017;1;2,3;90;Trancado
189049;0,5067;5;08/08/16;MA71B;2016;2;4,1;90;Trancado
189049;0,5067;5;08/08/16;MA72A;2018;1;8,2;60;Trancado
189049;0,5067;5;08/08/16;MA70H;2019;2;8,5;60;Trancado
189049;0,5067;5;08/08/16;MA70H;2018;2;2;60;Trancado
189049;0,5067;5;08/08/16;MA73A;2019;2;6;60;Trancado
189049;0,5067;5;08/08/16;MA73A;2019;1;4,4;60;Trancado
189049;0,5067;5;08/08/16;MA73A;2018;2;3,1;60;Trancado
189049;0,5067;5;08/08/16;MA70G;2019;1;7,1;60;Trancado
189049;0,5067;5;08/08/16;MA70G;2018;2;2,2;60;Trancado
189049;0,5067;5;08/08/16;QB70C;2017;2;6,4;75;Trancado
189049;0,5067;5;08/08/16;QB70C;2017;1;5,5;75;Trancado
189049;0,5067;5;08/08/16;ES70G;2020;2;9;45;Trancado
189049;0,5067;5;08/08/16;ES70G;2020;1;-1;45;Trancado
189049;0,5067;5;08/08/16;FI71M;2017;2;8,1;60;Trancado
189049;0,5067;5;08/08/16;FI71M;2017;1;1,3;60;Trancado
189049;0,5067;5;08/08/16;FI71M;2016;2;0,6;60;Trancado
189049;0,5067;5;08/08/16;FI72N;2018;1;6,3;30;Trancado
189049;0,5067;5;08/08/16;FI72M;2018;1;6,1;60;Trancado
189049;0,5067;5;08/08/16;ES70R;2016;2;8,5;30;Trancado
189049;0,5067;5;08/08/16;FI73M;2019;1;7,9;60;Trancado
189049;0,5067;5;08/08/16;FI73M;2018;2;2;60;Trancado
189049;0,5067;5;08/08/16;CSF13;2017;1;7,5;90;Trancado
189049;0,5067;5;08/08/16;CSE20;2019;1;6;60;Trancado
189049;0,5067;5;08/08/16;CSE20;2018;1;0,3;60;Trancado
189049;0,5067;5;08/08/16;CSE20;2017;2;1,2;60;Trancado
189049;0,5067;5;08/08/16;CSD20;2017;1;6;45;Trancado
189049;0,5067;5;08/08/16;CSF20;2017;2;6,4;45;Trancado
189049;0,5067;5;08/08/16;CSF20;2017;1;0;45;Trancado
189049;0,5067;5;08/08/16;CSD21;2019;2;6;45;Trancado
189049;0,5067;5;08/08/16;CSD21;2019;1;1,5;45;Trancado
189049;0,5067;5;08/08/16;CSD21;2018;1;2,9;45;Trancado
189049;0,5067;5;08/08/16;CSF30;2018;2;6,2;45;Trancado
189049;0,5067;5;08/08/16;CSG20;2020;2;10;45;Trancado
189049;0,5067;5;08/08/16;CSG20;2020;1;-1;45;Trancado
189049;0,5067;5;08/08/16;CSB30;2021;1;0;60;Trancado
189049;0,5067;5;08/08/16;CSB30;2020;2;0;60;Trancado
190512;0,8407;10;02/03/17;EEQ31;2018;2;8,8;75;Trancado
190512;0,8407;10;02/03/17;EEB31;2018;2;7,3;90;Trancado
190512;0,8407;10;02/03/17;EEB22;2018;2;9,3;45;Trancado
190512;0,8407;10;02/03/17;EEF11;2017;2;8,5;30;Trancado
190512;0,8407;10;02/03/17;EEE31;2019;1;8,2;60;Trancado
190512;0,8407;10;02/03/17;EEF21;2020;2;9,5;30;Trancado
190512;0,8407;10;02/03/17;EEE32;2021;1;6;60;Trancado
190512;0,8407;10;02/03/17;EEE32;2020;1;-1;60;Trancado
190512;0,8407;10;02/03/17;EEX22;2019;2;9,2;45;Trancado
190512;0,8407;10;02/03/17;EEC21;2022;2;9,3;60;Trancado
190512;0,8407;10;02/03/17;EEQ32;2022;2;8,1;45;Trancado
190512;0,8407;10;02/03/17;EEX23;2023;1;0;45;Trancado
190512;0,8407;10;02/03/17;EEX23;2022;1;0;45;Trancado
190512;0,8407;10;02/03/17;EEF31;2023;1;2;30;Trancado
190512;0,8407;10;02/03/17;FI71S;2017;1;8,9;60;Trancado
190512;0,8407;10;02/03/17;FI72S;2017;2;8,9;60;Trancado
190512;0,8407;10;02/03/17;FI73S;2018;1;8,9;60;Trancado
190512;0,8407;10;02/03/17;FI74S;2018;2;8,6;60;Trancado
190512;0,8407;10;02/03/17;GE76N;2019;2;8,2;45;Trancado
190512;0,8407;10;02/03/17;ELF62;2022;2;9,3;60;Trancado
190512;0,8407;10;02/03/17;FCH7HC;2023;1;0;45;Trancado
190512;0,8407;10;02/03/17;EL68A;2020;1;-1;60;Trancado
190512;0,8407;10;02/03/17;EL6BB;2022;1;0;60;Trancado
190512;0,8407;10;02/03/17;ENADE I;2017;2;;0;Trancado
190512;0,8407;10;02/03/17;MA71A;2017;1;8,8;90;Trancado
190512;0,8407;10;02/03/17;MA71B;2017;1;9,2;90;Trancado
190512;0,8407;10;02/03/17;MA72A;2017;2;8;60;Trancado
190512;0,8407;10;02/03/17;MA70H;2018;1;9,5;60;Trancado
190512;0,8407;10;02/03/17;MA73A;2018;1;9,9;60;Trancado
190512;0,8407;10;02/03/17;GE70D;2019;2;8,8;30;Trancado
190512;0,8407;10;02/03/17;MA70G;2018;1;10;60;Trancado
190512;0,8407;10;02/03/17;GE70H;2020;2;8,6;30;Trancado
190512;0,8407;10;02/03/17;QB70C;2017;2;8,5;75;Trancado
190512;0,8407;10;02/03/17;ES70G;2019;1;9,8;45;Trancado
190512;0,8407;10;02/03/17;FI71M;2017;1;8,9;60;Trancado
190512;0,8407;10;02/03/17;FI72N;2017;2;7,9;30;Trancado
190512;0,8407;10;02/03/17;FI72M;2017;2;8,9;60;Trancado
190512;0,8407;10;02/03/17;FI74M;2018;2;8,6;60;Trancado
190512;0,8407;10;02/03/17;QB70E;2020;2;9,4;30;Trancado
190512;0,8407;10;02/03/17;ES70P;2020;2;8,2;45;Trancado
190512;0,8407;10;02/03/17;FI73M;2018;1;8,9;60;Trancado
190512;0,8407;10;02/03/17;CSF13;2017;1;9,5;90;Trancado
190512;0,8407;10;02/03/17;CSE20;2017;2;7,1;60;Trancado
190512;0,8407;10;02/03/17;CSD20;2017;1;7,8;45;Trancado
190512;0,8407;10;02/03/17;CSF20;2017;2;8,1;45;Trancado
190512;0,8407;10;02/03/17;CSD21;2018;2;8;45;Trancado
190512;0,8407;10;02/03/17;CSF30;2018;1;9,4;45;Trancado
190512;0,8407;10;02/03/17;CSG20;2018;1;10;45;Trancado
190512;0,8407;10;02/03/17;CSB30;2019;1;9,5;60;Trancado
190512;0,8407;10;02/03/17;CSA30;2019;1;8,2;45;Trancado
190512;0,8407;10;02/03/17;CSO30;2019;2;10;60;Trancado
190512;0,8407;10;02/03/17;CSE30;2018;2;8,5;60;Trancado
190512;0,8407;10;02/03/17;CSR30;2020;1;9;45;Trancado
190512;0,8407;10;02/03/17;CSS30;2022;1;8;60;Trancado
190512;0,8407;10;02/03/17;CSB51;2021;2;9,3;45;Trancado
190512;0,8407;10;02/03/17;CSV40;2021;1;8,8;60;Trancado
190512;0,8407;10;02/03/17;CSV30;2019;2;10;60;Trancado
190512;0,8407;10;02/03/17;CSA31;2020;1;8,2;45;Trancado
190512;0,8407;10;02/03/17;CSI30;2021;1;7,5;45;Trancado
190512;0,8407;10;02/03/17;CSI30;2020;2;0;45;Trancado
190512;0,8407;10;02/03/17;CSI30;2020;1;-1;45;Trancado
190512;0,8407;10;02/03/17;CSR31;2020;2;9,1;30;Trancado
190512;0,8407;10;02/03/17;CSW42;2021;1;7,9;60;Trancado
190512;0,8407;10;02/03/17;CSW40;2019;2;8,8;60;Trancado
190512;0,8407;10;02/03/17;CSW41;2022;2;8;60;Trancado
190512;0,8407;10;02/03/17;CSB53;2021;2;9,2;60;Trancado
190512;0,8407;10;02/03/17;CSX54;2020;1;8,9;400;Trancado
190512;0,8407;10;02/03/17;CSX54;2019;2;;400;Trancado
190512;0,8407;10;02/03/17;FI74N;2018;2;6,4;30;Trancado
190512;0,8407;10;02/03/17;CSW30;2019;1;10;60;Trancado
190512;0,8407;10;02/03/17;EEX11;2017;2;8,5;45;Trancado
190512;0,8407;10;02/03/17;EEB21;2018;1;8,7;45;Trancado
190512;0,8407;10;02/03/17;EEX21;2018;1;8,7;45;Trancado
190513;0,4827;4;02/03/17;EEF21;2019;2;8;30;Trancado
190513;0,4827;4;02/03/17;FI71S;2017;2;8,4;60;Trancado
190513;0,4827;4;02/03/17;FI72S;2018;2;6;60;Trancado
190513;0,4827;4;02/03/17;FI73S;2020;2;6,2;60;Trancado
190513;0,4827;4;02/03/17;ENADE I;2017;2;;0;Trancado
190513;0,4827;4;02/03/17;MA71A;2017;2;7,2;90;Trancado
190513;0,4827;4;02/03/17;MA71A;2017;1;1,1;90;Trancado
190513;0,4827;4;02/03/17;MA71B;2018;2;4;90;Trancado
190513;0,4827;4;02/03/17;MA71B;2019;1;8,5;90;Trancado
190513;0,4827;4;02/03/17;MA71B;2017;1;3,4;90;Trancado
190513;0,4827;4;02/03/17;MA72A;2020;2;5,2;60;Trancado
190513;0,4827;4;02/03/17;MA72A;2019;1;3,3;60;Trancado
190513;0,4827;4;02/03/17;MA72A;2018;2;4;60;Trancado
190513;0,4827;4;02/03/17;MA72A;2018;1;5,7;60;Trancado
190513;0,4827;4;02/03/17;MA72A;2021;2;6,5;60;Trancado
190513;0,4827;4;02/03/17;MA70H;2018;2;7,7;60;Trancado
190513;0,4827;4;02/03/17;MA73A;2020;2;0;60;Trancado
190513;0,4827;4;02/03/17;MA73A;2020;1;-1;60;Trancado
190513;0,4827;4;02/03/17;MA73A;2019;2;0;60;Trancado
190513;0,4827;4;02/03/17;MA73A;2019;1;1;60;Trancado
190513;0,4827;4;02/03/17;MA73A;2018;2;1,8;60;Trancado
190513;0,4827;4;02/03/17;MA70G;2019;2;6,4;60;Trancado
190513;0,4827;4;02/03/17;MA70G;2019;1;0;60;Trancado
190513;0,4827;4;02/03/17;QB70C;2018;1;6;75;Trancado
190513;0,4827;4;02/03/17;ES70G;2021;1;0;45;Trancado
190513;0,4827;4;02/03/17;ES70G;2022;2;0;45;Trancado
190513;0,4827;4;02/03/17;ES70G;2022;1;0;45;Trancado
190513;0,4827;4;02/03/17;FI71M;2017;2;8,4;60;Trancado
190513;0,4827;4;02/03/17;FI71M;2017;1;0,2;60;Trancado
190513;0,4827;4;02/03/17;FI72N;2018;1;6,2;30;Trancado
190513;0,4827;4;02/03/17;FI72M;2018;2;6;60;Trancado
190513;0,4827;4;02/03/17;FI72M;2018;1;4,7;60;Trancado
190513;0,4827;4;02/03/17;FI73M;2020;2;6,2;60;Trancado
190513;0,4827;4;02/03/17;FI73M;2019;1;0;60;Trancado
190513;0,4827;4;02/03/17;CSF13;2017;2;9,3;90;Trancado
190513;0,4827;4;02/03/17;CSF13;2017;1;3,4;90;Trancado
190513;0,4827;4;02/03/17;CSE20;2018;1;6,2;60;Trancado
190513;0,4827;4;02/03/17;CSD20;2017;1;8;45;Trancado
190513;0,4827;4;02/03/17;CSF20;2018;1;6,7;45;Trancado
190513;0,4827;4;02/03/17;CSD21;2020;2;2,6;45;Trancado
190513;0,4827;4;02/03/17;CSD21;2020;1;-1;45;Trancado
190513;0,4827;4;02/03/17;CSD21;2019;2;1;45;Trancado
190513;0,4827;4;02/03/17;CSD21;2022;1;2,4;45;Trancado
190513;0,4827;4;02/03/17;CSF30;2018;2;7,3;45;Trancado
190513;0,4827;4;02/03/17;CSG20;2021;1;10;45;Trancado
190513;0,4827;4;02/03/17;CSG20;2020;1;-1;45;Trancado
190513;0,4827;4;02/03/17;CSE30;2022;2;7,2;60;Trancado
190513;0,4827;4;02/03/17;CSE30;2022;1;2;60;Trancado
190513;0,4827;4;02/03/17;CSW30;2020;1;-1;60;Trancado
190513;0,4827;4;02/03/17;EEX11;2018;1;9,5;45;Trancado
190513;0,4827;4;02/03/17;EEB21;2019;1;6,8;45;Trancado
190513;0,4827;4;02/03/17;EEB21;2018;2;3,7;45;Trancado
190513;0,4827;4;02/03/17;EEX21;2019;1;8,7;45;Trancado
190513;0,4827;4;02/03/17;EEB31;2019;2;6,2;90;Trancado
190513;0,4827;4;02/03/17;EEB22;2021;2;0;45;Trancado
190513;0,4827;4;02/03/17;EEF11;2018;2;8,5;30;Trancado
198535;0,292;2;07/08/17;IF61C;2019;1;1,2;90;Trancado
198535;0,292;2;07/08/17;MA72H;2021;2;6,3;60;Trancado
198535;0,292;2;07/08/17;MA71A;2020;2;8,1;90;Trancado
198535;0,292;2;07/08/17;MA71A;2020;1;-1;90;Trancado
198535;0,292;2;07/08/17;MA71A;2019;2;1,4;90;Trancado
198535;0,292;2;07/08/17;MA71A;2019;1;0,6;90;Trancado
198535;0,292;2;07/08/17;MA71A;2018;2;0,6;90;Trancado
198535;0,292;2;07/08/17;MA71A;2018;1;0,5;90;Trancado
198535;0,292;2;07/08/17;MA71A;2017;2;0,1;90;Trancado
198535;0,292;2;07/08/17;MA71B;2021;2;7,2;90;Trancado
198535;0,292;2;07/08/17;MA71B;2019;2;2,9;90;Trancado
198535;0,292;2;07/08/17;MA71B;2018;1;2,9;90;Trancado
198535;0,292;2;07/08/17;MA71B;2017;2;0,1;90;Trancado
198535;0,292;2;07/08/17;CE70B;2019;1;9,5;30;Trancado
198535;0,292;2;07/08/17;MA72A;2021;1;4,3;60;Trancado
198535;0,292;2;07/08/17;MA72A;2021;2;6,3;60;Trancado
198535;0,292;2;07/08/17;MA73A;2023;1;0;60;Trancado
198535;0,292;2;07/08/17;MA73A;2022;1;0;60;Trancado
198535;0,292;2;07/08/17;FI71M;2020;1;-1;60;Trancado
198535;0,292;2;07/08/17;FI71M;2018;2;0,5;60;Trancado
198535;0,292;2;07/08/17;FI71M;2018;1;0;60;Trancado
198535;0,292;2;07/08/17;FI71M;2017;2;3,5;60;Trancado
198535;0,292;2;07/08/17;FI72N;2021;1;7,9;30;Trancado
198535;0,292;2;07/08/17;FI72M;2021;1;6,5;60;Trancado
198535;0,292;2;07/08/17;ES70Q;2019;1;8,6;30;Trancado
198535;0,292;2;07/08/17;DI81A;2019;1;8,2;60;Trancado
198535;0,292;2;07/08/17;FI73M;2022;1;0;60;Trancado
198535;0,292;2;07/08/17;CSF13;2021;1;0,1;90;Trancado
198535;0,292;2;07/08/17;CSF13;2020;2;0;90;Trancado
198535;0,292;2;07/08/17;CSF13;2020;1;-1;90;Trancado
198535;0,292;2;07/08/17;CSF13;2019;2;1,9;90;Trancado
198535;0,292;2;07/08/17;CSF13;2018;2;1;90;Trancado
198535;0,292;2;07/08/17;CSF13;2017;2;0;90;Trancado
198535;0,292;2;07/08/17;CSF13;2022;1;0,5;90;Trancado
198535;0,292;2;07/08/17;CSF13;2021;2;0;90;Trancado
198535;0,292;2;07/08/17;CSD20;2017;2;6;45;Trancado
198535;0,292;2;07/08/17;EEX11;2021;2;0;45;Trancado
198535;0,292;2;07/08/17;EEF11;2020;2;0;30;Trancado
198535;0,292;2;07/08/17;EEF11;2021;2;9;30;Trancado
198535;0,292;2;07/08/17;FI71S;2021;1;8;60;Trancado
198535;0,292;2;07/08/17;FI72S;2021;1;6,5;60;Trancado
198535;0,292;2;07/08/17;MA7AV;2019;1;0;45;Trancado
198535;0,292;2;07/08/17;FI71Z;2020;2;8;60;Trancado
198535;0,292;2;07/08/17;FI71Y;2021;1;7,9;30;Trancado
198535;0,292;2;07/08/17;ENADE I;2017;2;;0;Trancado
198536;0,2422;1;07/08/17;CSF13;2018;1;0,8;90;Trancado
198536;0,2422;1;07/08/17;CSF13;2017;2;0,8;90;Trancado
198536;0,2422;1;07/08/17;CSD20;2017;2;6,6;45;Trancado
198536;0,2422;1;07/08/17;CSF20;2019;2;0;45;Trancado
198536;0,2422;1;07/08/17;EEX11;2019;1;7,4;45;Trancado
198536;0,2422;1;07/08/17;EEX11;2018;2;1,5;45;Trancado
198536;0,2422;1;07/08/17;ENADE I;2017;2;;0;Trancado
198536;0,2422;1;07/08/17;MA71A;2019;2;0;90;Trancado
198536;0,2422;1;07/08/17;MA71A;2019;1;0,7;90;Trancado
198536;0,2422;1;07/08/17;MA71A;2017;2;0;90;Trancado
198536;0,2422;1;07/08/17;MA71B;2019;2;0;90;Trancado
198536;0,2422;1;07/08/17;MA71B;2019;1;0,9;90;Trancado
198536;0,2422;1;07/08/17;MA71B;2017;2;0;90;Trancado
198536;0,2422;1;07/08/17;QB70C;2019;2;0;75;Trancado
198536;0,2422;1;07/08/17;FI71M;2019;2;0;60;Trancado
198536;0,2422;1;07/08/17;FI71M;2019;1;0,7;60;Trancado
198536;0,2422;1;07/08/17;FI71M;2018;2;2,7;60;Trancado
198536;0,2422;1;07/08/17;FI71M;2018;1;2,3;60;Trancado
198536;0,2422;1;07/08/17;FI71M;2017;2;3,5;60;Trancado
198536;0,2422;1;07/08/17;QB70D;2018;1;5;90;Trancado
198536;0,2422;1;07/08/17;CSF13;2019;1;6;90;Trancado
198536;0,2422;1;07/08/17;CSF13;2018;2;3,8;90;Trancado
198790;0,472;2;18/02/21;ENADE I;2020;2;;0;Trancado
198790;0,472;2;18/02/21;FI71S;2020;2;6;60;Trancado
198790;0,472;2;18/02/21;MA71B;2020;2;8;90;Trancado
198790;0,472;2;18/02/21;MA72A;2021;1;1,4;60;Trancado
198790;0,472;2;18/02/21;MA72A;2021;2;7;60;Trancado
198790;0,472;2;18/02/21;MA70H;2023;1;0;60;Trancado
198790;0,472;2;18/02/21;MA70H;2022;1;3,7;60;Trancado
198790;0,472;2;18/02/21;MA73A;2022;1;0;60;Trancado
198790;0,472;2;18/02/21;MA70G;2022;1;5;60;Trancado
198790;0,472;2;18/02/21;FI71M;2020;2;0;60;Trancado
198790;0,472;2;18/02/21;FI72N;2021;1;7,4;30;Trancado
198790;0,472;2;18/02/21;FI72M;2021;1;0;60;Trancado
198790;0,472;2;18/02/21;FI72Z;2021;2;3,4;60;Trancado
198790;0,472;2;18/02/21;CSF13;2020;2;6;90;Trancado
198790;0,472;2;18/02/21;CSE20;2021;2;1,8;60;Trancado
198790;0,472;2;18/02/21;CSE20;2021;1;0;60;Trancado
198790;0,472;2;18/02/21;CSD20;2020;2;6,1;45;Trancado
198790;0,472;2;18/02/21;CSF20;2021;1;6;45;Trancado
198790;0,472;2;18/02/21;CSD21;2021;2;0;45;Trancado
198790;0,472;2;18/02/21;CSF30;2021;2;1,2;45;Trancado
198790;0,472;2;18/02/21;MA71A;2020;2;6;90;Trancado
202253;0,8656;5;05/03/18;ENADE I;2018;1;;0;Trancado
202253;0,8656;5;05/03/18;MA71A;2018;1;9,2;90;Trancado
202253;0,8656;5;05/03/18;MA71B;2018;1;9,3;90;Trancado
202253;0,8656;5;05/03/18;MA72A;2018;2;7,1;60;Trancado
202253;0,8656;5;05/03/18;MA70H;2019;1;10;60;Trancado
202253;0,8656;5;05/03/18;MA73A;2019;1;9,4;60;Trancado
202253;0,8656;5;05/03/18;MA70G;2019;1;7;60;Trancado
202253;0,8656;5;05/03/18;QB70C;2018;2;7,9;75;Trancado
202253;0,8656;5;05/03/18;ES70G;2020;1;-1;45;Trancado
202253;0,8656;5;05/03/18;FI71M;2018;1;9,6;60;Trancado
202253;0,8656;5;05/03/18;FI72N;2018;2;6,8;30;Trancado
202253;0,8656;5;05/03/18;FI72M;2018;2;6;60;Trancado
202253;0,8656;5;05/03/18;FI74M;2019;2;8,9;60;Trancado
202253;0,8656;5;05/03/18;FI73M;2019;1;9,7;60;Trancado
202253;0,8656;5;05/03/18;CSF13;2018;1;8;90;Trancado
202253;0,8656;5;05/03/18;CSE20;2018;2;8,3;60;Trancado
202253;0,8656;5;05/03/18;CSD20;2018;1;10;45;Trancado
202253;0,8656;5;05/03/18;CSF20;2018;2;7,6;45;Trancado
202253;0,8656;5;05/03/18;CSD21;2019;2;10;45;Trancado
202253;0,8656;5;05/03/18;CSF30;2019;1;10;45;Trancado
202253;0,8656;5;05/03/18;CSG20;2020;1;-1;45;Trancado
202253;0,8656;5;05/03/18;CSB30;2020;1;9,1;60;Trancado
202253;0,8656;5;05/03/18;CSA30;2020;1;-1;45;Trancado
202253;0,8656;5;05/03/18;CSG70;2021;2;7,5;45;Trancado
202253;0,8656;5;05/03/18;CSI30;2020;1;-1;45;Trancado
202253;0,8656;5;05/03/18;CSR44;2021;2;8;60;Trancado
202253;0,8656;5;05/03/18;CSR31;2020;1;-1;30;Trancado
202253;0,8656;5;05/03/18;FI74N;2019;2;7,7;30;Trancado
202253;0,8656;5;05/03/18;CSW30;2020;1;9,9;60;Trancado
202253;0,8656;5;05/03/18;EEX11;2018;2;9,5;45;Trancado
202253;0,8656;5;05/03/18;EEB21;2019;1;8,9;45;Trancado
202253;0,8656;5;05/03/18;EEX21;2019;1;9,6;45;Trancado
202253;0,8656;5;05/03/18;EEQ31;2019;2;7;75;Trancado
202253;0,8656;5;05/03/18;EEB31;2019;2;9,9;90;Trancado
202253;0,8656;5;05/03/18;EEB22;2019;2;7,4;45;Trancado
202253;0,8656;5;05/03/18;EEF11;2019;2;10;30;Trancado
202253;0,8656;5;05/03/18;EEE31;2020;1;-1;60;Trancado
202253;0,8656;5;05/03/18;EEF21;2020;1;-1;30;Trancado
202253;0,8656;5;05/03/18;FI71S;2018;1;9,6;60;Trancado
202253;0,8656;5;05/03/18;FI72S;2018;2;6;60;Trancado
202253;0,8656;5;05/03/18;FI73S;2019;1;9,7;60;Trancado
202253;0,8656;5;05/03/18;FI74S;2019;2;8,9;60;Trancado
202692;0,3504;2;05/03/18;ENADE I;2018;1;;0;Trancado
202692;0,3504;2;05/03/18;FI71S;2019;1;6;60;Trancado
202692;0,3504;2;05/03/18;MA71A;2018;1;0,5;90;Trancado
202692;0,3504;2;05/03/18;MA71B;2020;2;0;90;Trancado
202692;0,3504;2;05/03/18;MA71B;2020;1;-1;90;Trancado
202692;0,3504;2;05/03/18;MA71B;2019;2;3;90;Trancado
202692;0,3504;2;05/03/18;MA71B;2019;1;2,5;90;Trancado
202692;0,3504;2;05/03/18;MA71B;2018;2;1,5;90;Trancado
202692;0,3504;2;05/03/18;MA71B;2019;0;1,3;90;Trancado
202692;0,3504;2;05/03/18;MA71B;2018;1;1,6;90;Trancado
202692;0,3504;2;05/03/18;MA72A;2020;1;-1;60;Trancado
202692;0,3504;2;05/03/18;MA72A;2019;2;1,3;60;Trancado
202692;0,3504;2;05/03/18;MA72A;2023;1;0;60;Trancado
202692;0,3504;2;05/03/18;ES70G;2021;2;0;45;Trancado
202692;0,3504;2;05/03/18;FI71M;2019;1;6;60;Trancado
202692;0,3504;2;05/03/18;FI71M;2018;2;3,5;60;Trancado
202692;0,3504;2;05/03/18;FI71M;2019;0;2;60;Trancado
202692;0,3504;2;05/03/18;FI71M;2018;1;3,5;60;Trancado
202692;0,3504;2;05/03/18;FI72M;2019;2;0;60;Trancado
202692;0,3504;2;05/03/18;CSF13;2018;2;8,7;90;Trancado
202692;0,3504;2;05/03/18;CSF13;2018;1;5,1;90;Trancado
202692;0,3504;2;05/03/18;CSE20;2019;2;7,6;60;Trancado
202692;0,3504;2;05/03/18;CSE20;2019;1;2,5;60;Trancado
202692;0,3504;2;05/03/18;CSD20;2018;1;6;45;Trancado
202692;0,3504;2;05/03/18;CSF20;2019;1;6;45;Trancado
202692;0,3504;2;05/03/18;CSD21;2021;2;0;45;Trancado
202692;0,3504;2;05/03/18;CSD21;2020;1;-1;45;Trancado
202692;0,3504;2;05/03/18;CSD21;2019;2;2,8;45;Trancado
202692;0,3504;2;05/03/18;CSF30;2019;2;7,6;45;Trancado
202692;0,3504;2;05/03/18;EEF11;2019;1;8,5;30;Trancado
202692;0,3504;2;05/03/18;MA71A;2018;2;8,4;90;Trancado
202700;0,5605;3;05/03/18;EEX11;2018;2;10;45;Trancado
202700;0,5605;3;05/03/18;CSI30;2021;2;7,6;45;Trancado
202700;0,5605;3;05/03/18;EEF11;2019;1;8;30;Trancado
202700;0,5605;3;05/03/18;EEF21;2020;1;-1;30;Trancado
202700;0,5605;3;05/03/18;FI71S;2018;2;8,9;60;Trancado
202700;0,5605;3;05/03/18;ENADE I;2018;1;;0;Trancado
202700;0,5605;3;05/03/18;MA71A;2018;1;6;90;Trancado
202700;0,5605;3;05/03/18;MA71B;2018;1;6,4;90;Trancado
202700;0,5605;3;05/03/18;MA72A;2019;1;6,2;60;Trancado
202700;0,5605;3;05/03/18;MA72A;2018;2;2,5;60;Trancado
202700;0,5605;3;05/03/18;MA70H;2020;1;-1;60;Trancado
202700;0,5605;3;05/03/18;MA70H;2019;2;5,5;60;Trancado
202700;0,5605;3;05/03/18;MA70H;2021;2;9,2;60;Trancado
202700;0,5605;3;05/03/18;MA73A;2020;1;-1;60;Trancado
202700;0,5605;3;05/03/18;MA73A;2019;2;1,1;60;Trancado
202700;0,5605;3;05/03/18;MA73A;2021;2;0;60;Trancado
202700;0,5605;3;05/03/18;MA70G;2020;1;-1;60;Trancado
202700;0,5605;3;05/03/18;MA70G;2019;2;0,3;60;Trancado
202700;0,5605;3;05/03/18;MA70G;2021;2;0;60;Trancado
202700;0,5605;3;05/03/18;QB70C;2018;2;7,1;75;Trancado
202700;0,5605;3;05/03/18;ES70G;2020;1;-1;45;Trancado
202700;0,5605;3;05/03/18;FI71M;2018;2;8,9;60;Trancado
202700;0,5605;3;05/03/18;FI71M;2018;1;3,5;60;Trancado
202700;0,5605;3;05/03/18;FI72N;2019;1;8,2;30;Trancado
202700;0,5605;3;05/03/18;FI72M;2021;2;0;60;Trancado
202700;0,5605;3;05/03/18;FI72M;2020;1;-1;60;Trancado
202700;0,5605;3;05/03/18;FI72M;2019;2;1;60;Trancado
202700;0,5605;3;05/03/18;FI72M;2019;1;4,7;60;Trancado
202700;0,5605;3;05/03/18;CSF13;2018;1;6,9;90;Trancado
202700;0,5605;3;05/03/18;CSE20;2019;1;6;60;Trancado
202700;0,5605;3;05/03/18;CSE20;2018;2;4,3;60;Trancado
202700;0,5605;3;05/03/18;CSD20;2018;1;8,8;45;Trancado
202700;0,5605;3;05/03/18;CSF20;2018;2;8;45;Trancado
202700;0,5605;3;05/03/18;CSD21;2020;1;-1;45;Trancado
202700;0,5605;3;05/03/18;CSD21;2019;1;0;45;Trancado
202700;0,5605;3;05/03/18;CSF30;2019;1;6;45;Trancado
202700;0,5605;3;05/03/18;CSG20;2019;1;3,4;45;Trancado
202700;0,5605;3;05/03/18;EEX21;2019;1;9;45;Trancado
203781;0,454;2;06/08/18;ENADE I;2018;2;;0;Trancado
203781;0,454;2;06/08/18;FI71S;2022;1;6;60;Trancado
203781;0,454;2;06/08/18;MA71A;2019;2;0,8;90;Trancado
203781;0,454;2;06/08/18;MA71A;2019;1;4,3;90;Trancado
203781;0,454;2;06/08/18;MA71A;2018;2;2,7;90;Trancado
203781;0,454;2;06/08/18;MA71B;2018;2;6,2;90;Trancado
203781;0,454;2;06/08/18;MA72A;2022;2;0;60;Trancado
203781;0,454;2;06/08/18;QB70C;2021;2;7;75;Trancado
203781;0,454;2;06/08/18;QB70C;2019;2;2;75;Trancado
203781;0,454;2;06/08/18;QB70C;2019;1;4,4;75;Trancado
203781;0,454;2;06/08/18;ES70G;2021;2;7,6;45;Trancado
203781;0,454;2;06/08/18;FI71M;2021;1;4,9;60;Trancado
203781;0,454;2;06/08/18;FI71M;2019;2;0;60;Trancado
203781;0,454;2;06/08/18;FI71M;2019;1;3,1;60;Trancado
203781;0,454;2;06/08/18;FI71M;2018;2;3,5;60;Trancado
203781;0,454;2;06/08/18;FI71M;2022;1;6;60;Trancado
203781;0,454;2;06/08/18;QB70D;2021;2;7;90;Trancado
203781;0,454;2;06/08/18;CSF13;2018;2;7,6;90;Trancado
203781;0,454;2;06/08/18;CSE20;2019;1;0,3;60;Trancado
203781;0,454;2;06/08/18;CSE20;2022;2;0;60;Trancado
203781;0,454;2;06/08/18;CSD20;2018;2;6,1;45;Trancado
203781;0,454;2;06/08/18;CSF20;2019;1;5,6;45;Trancado
203781;0,454;2;06/08/18;CSF20;2022;1;0;45;Trancado
203781;0,454;2;06/08/18;EEX11;2019;2;4,5;45;Trancado
203781;0,454;2;06/08/18;EEX11;2019;1;1,3;45;Trancado
203781;0,454;2;06/08/18;EEX11;2022;1;0;45;Trancado
203781;0,454;2;06/08/18;EEF11;2022;1;9,1;30;Trancado
203781;0,454;2;06/08/18;MA71A;2021;1;9,4;90;Trancado
208879;0,712;4;06/08/18;ES70G;2021;1;8,8;45;Trancado
208879;0,712;4;06/08/18;ES70G;2020;1;-1;45;Trancado
208879;0,712;4;06/08/18;FI71M;2019;1;9,2;60;Trancado
208879;0,712;4;06/08/18;FI71M;2018;2;3,5;60;Trancado
208879;0,712;4;06/08/18;FI71M;2019;0;4;60;Trancado
208879;0,712;4;06/08/18;FI72N;2019;2;8,3;30;Trancado
208879;0,712;4;06/08/18;FI72M;2021;1;7,3;60;Trancado
208879;0,712;4;06/08/18;FI72M;2019;2;4;60;Trancado
208879;0,712;4;06/08/18;FI74M;2021;2;6;60;Trancado
208879;0,712;4;06/08/18;FI73M;2020;2;8,1;60;Trancado
208879;0,712;4;06/08/18;FI73M;2020;1;-1;60;Trancado
208879;0,712;4;06/08/18;CSF13;2019;1;8,8;90;Trancado
208879;0,712;4;06/08/18;CSF13;2018;2;5,9;90;Trancado
208879;0,712;4;06/08/18;CSE20;2019;2;7,3;60;Trancado
208879;0,712;4;06/08/18;CSE20;2019;1;4,8;60;Trancado
208879;0,712;4;06/08/18;CSD20;2018;2;6,1;45;Trancado
208879;0,712;4;06/08/18;CSF20;2019;2;6;45;Trancado
208879;0,712;4;06/08/18;CSD21;2020;1;-1;45;Trancado
208879;0,712;4;06/08/18;CSD21;2022;1;1,6;45;Trancado
208879;0,712;4;06/08/18;CSF30;2020;2;8,9;45;Trancado
208879;0,712;4;06/08/18;CSF30;2020;1;-1;45;Trancado
208879;0,712;4;06/08/18;CSG20;2021;2;8;45;Trancado
208879;0,712;4;06/08/18;FI74N;2022;1;0;30;Trancado
208879;0,712;4;06/08/18;EEX11;2019;1;9,6;45;Trancado
208879;0,712;4;06/08/18;EEB21;2020;1;-1;45;Trancado
208879;0,712;4;06/08/18;EEB21;2021;2;6,5;45;Trancado
208879;0,712;4;06/08/18;EEX21;2019;2;7,2;45;Trancado
208879;0,712;4;06/08/18;EEQ31;2020;1;-1;75;Trancado
208879;0,712;4;06/08/18;EEF11;2019;2;8,2;30;Trancado
208879;0,712;4;06/08/18;EEF21;2021;1;8,8;30;Trancado
208879;0,712;4;06/08/18;EEF21;2020;1;-1;30;Trancado
208879;0,712;4;06/08/18;FI71S;2019;1;9,2;60;Trancado
208879;0,712;4;06/08/18;FI72S;2021;1;7,3;60;Trancado
208879;0,712;4;06/08/18;FI73S;2020;2;8,1;60;Trancado
208879;0,712;4;06/08/18;FI74S;2021;2;6;60;Trancado
208879;0,712;4;06/08/18;ELB66;2022;1;2,9;90;Trancado
208879;0,712;4;06/08/18;ELF41;2022;1;0;75;Trancado
208879;0,712;4;06/08/18;IF61C;2019;1;8,8;90;Trancado
208879;0,712;4;06/08/18;ENADE I;2018;2;;0;Trancado
208879;0,712;4;06/08/18;MA71A;2018;2;7,8;90;Trancado
208879;0,712;4;06/08/18;MA71B;2018;2;7,5;90;Trancado
208879;0,712;4;06/08/18;MA72A;2019;1;6,4;60;Trancado
208879;0,712;4;06/08/18;MA70H;2019;2;9,3;60;Trancado
208879;0,712;4;06/08/18;MA73A;2019;2;7,7;60;Trancado
208879;0,712;4;06/08/18;MA70G;2019;2;9;60;Trancado
208879;0,712;4;06/08/18;QB70C;2019;1;6;75;Trancado
208893;0,2649;1;12/08/19;ENADE I;2019;2;;0;Trancado
208893;0,2649;1;12/08/19;MA71A;2021;1;2,4;90;Trancado
208893;0,2649;1;12/08/19;MA71A;2020;2;0,6;90;Trancado
208893;0,2649;1;12/08/19;MA71A;2020;1;-1;90;Trancado
208893;0,2649;1;12/08/19;MA71A;2019;2;0;90;Trancado
208893;0,2649;1;12/08/19;MA71A;2023;1;0;90;Trancado
208893;0,2649;1;12/08/19;MA71A;2022;1;0,5;90;Trancado
208893;0,2649;1;12/08/19;MA71B;2020;1;0,9;90;Trancado
208893;0,2649;1;12/08/19;MA71B;2019;2;4,9;90;Trancado
208893;0,2649;1;12/08/19;MA71B;2022;1;0,9;90;Trancado
208893;0,2649;1;12/08/19;FI71M;2019;2;2,3;60;Trancado
208893;0,2649;1;12/08/19;CSF13;2019;2;7,4;90;Trancado
208893;0,2649;1;12/08/19;CSE20;2020;1;-1;60;Trancado
208893;0,2649;1;12/08/19;CSE20;2021;2;5;60;Trancado
208893;0,2649;1;12/08/19;CSD20;2019;2;3,3;45;Trancado
208893;0,2649;1;12/08/19;CSD20;2021;2;0,9;45;Trancado
208893;0,2649;1;12/08/19;CSF20;2020;2;6,7;45;Trancado
208893;0,2649;1;12/08/19;CSF20;2020;1;-1;45;Trancado
208893;0,2649;1;12/08/19;CSF30;2021;2;4,2;45;Trancado
208893;0,2649;1;12/08/19;EEX11;2020;1;-1;45;Trancado
208893;0,2649;1;12/08/19;EEX11;2023;1;0;45;Trancado
208893;0,2649;1;12/08/19;ICSD20;2023;1;0;45;Trancado
208894;0,6032;3;06/08/18;CSD20;2018;2;6,4;45;Trancado
208894;0,6032;3;06/08/18;CSF20;2019;2;6;45;Trancado
208894;0,6032;3;06/08/18;CSD21;2021;2;8,9;45;Trancado
208894;0,6032;3;06/08/18;CSD21;2020;1;-1;45;Trancado
208894;0,6032;3;06/08/18;CSF30;2020;2;8,1;45;Trancado
208894;0,6032;3;06/08/18;CSG20;2022;2;9,4;45;Trancado
208894;0,6032;3;06/08/18;CSB30;2023;1;7;60;Trancado
208894;0,6032;3;06/08/18;CSB30;2022;2;0;60;Trancado
208894;0,6032;3;06/08/18;EEX11;2019;1;7,9;45;Trancado
208894;0,6032;3;06/08/18;EEB21;2022;1;0,7;45;Trancado
208894;0,6032;3;06/08/18;EEX21;2019;2;7,8;45;Trancado
208894;0,6032;3;06/08/18;EEF11;2020;2;8,9;30;Trancado
208894;0,6032;3;06/08/18;EEF11;2020;1;-1;30;Trancado
208894;0,6032;3;06/08/18;EEF21;2021;1;9;30;Trancado
208894;0,6032;3;06/08/18;FI71S;2019;1;6;60;Trancado
208894;0,6032;3;06/08/18;FI72S;2021;1;6;60;Trancado
208894;0,6032;3;06/08/18;MA72H;2020;2;6,3;60;Trancado
208894;0,6032;3;06/08/18;ELN81A;2023;1;0;75;Trancado
208894;0,6032;3;06/08/18;ICSB30;2023;1;7;60;Trancado
208894;0,6032;3;06/08/18;IF61C;2019;1;8,1;90;Trancado
208894;0,6032;3;06/08/18;ENADE I;2018;2;;0;Trancado
208894;0,6032;3;06/08/18;MA71A;2018;2;6,8;90;Trancado
208894;0,6032;3;06/08/18;MA71B;2018;2;6,7;90;Trancado
208894;0,6032;3;06/08/18;MA72A;2020;2;6,3;60;Trancado
208894;0,6032;3;06/08/18;MA72A;2019;2;3,8;60;Trancado
208894;0,6032;3;06/08/18;MA72A;2019;1;4;60;Trancado
208894;0,6032;3;06/08/18;MA70H;2019;2;9;60;Trancado
208894;0,6032;3;06/08/18;MA73A;2021;1;3,1;60;Trancado
208894;0,6032;3;06/08/18;MA70G;2021;1;0;60;Trancado
208894;0,6032;3;06/08/18;QB70C;2019;1;6;75;Trancado
208894;0,6032;3;06/08/18;GE71A;2022;1;6,9;60;Trancado
208894;0,6032;3;06/08/18;ES70G;2021;2;7,2;45;Trancado
208894;0,6032;3;06/08/18;GE73A;2022;2;9;45;Trancado
208894;0,6032;3;06/08/18;FI71M;2019;1;6;60;Trancado
208894;0,6032;3;06/08/18;FI71M;2018;2;3,7;60;Trancado
208894;0,6032;3;06/08/18;FI71M;2019;0;3,5;60;Trancado
208894;0,6032;3;06/08/18;FI72M;2021;1;6;60;Trancado
208894;0,6032;3;06/08/18;FI72M;2020;2;4,1;60;Trancado
208894;0,6032;3;06/08/18;FI72M;2019;2;2,6;60;Trancado
208894;0,6032;3;06/08/18;CSF13;2019;1;8,1;90;Trancado
208894;0,6032;3;06/08/18;CSF13;2018;2;5,9;90;Trancado
208894;0,6032;3;06/08/18;CSE20;2021;2;5,8;60;Trancado
208894;0,6032;3;06/08/18;CSE20;2021;1;3,3;60;Trancado
208894;0,6032;3;06/08/18;CSE20;2020;1;-1;60;Trancado
208894;0,6032;3;06/08/18;CSE20;2019;2;4,8;60;Trancado
208894;0,6032;3;06/08/18;CSE20;2022;1;6,4;60;Trancado
213595;0,4644;2;11/03/19;CSD20;2019;1;3,2;45;Trancado
213595;0,4644;2;11/03/19;CSF20;2019;2;0,3;45;Trancado
213595;0,4644;2;11/03/19;CSE20;2019;2;0,1;60;Trancado
213595;0,4644;2;11/03/19;CSE20;2020;1;0;60;Trancado
213595;0,4644;2;11/03/19;CSF13;2019;1;6,3;90;Trancado
213595;0,4644;2;11/03/19;FI71M;2019;1;3,1;60;Trancado
213595;0,4644;2;11/03/19;FI71M;2019;2;2;60;Trancado
213595;0,4644;2;11/03/19;QB70C;2019;2;6,5;75;Trancado
213595;0,4644;2;11/03/19;MA71B;2019;1;6,5;90;Trancado
213595;0,4644;2;11/03/19;MA71A;2019;1;2,8;90;Trancado
213595;0,4644;2;11/03/19;MA71A;2019;2;6;90;Trancado
213595;0,4644;2;11/03/19;ENADE I;2019;2;;0;Trancado
213595;0,4644;2;11/03/19;EEF11;2019;2;10;30;Trancado
213595;0,4644;2;11/03/19;EEX11;2019;2;8;45;Trancado
213595;0,4644;2;11/03/19;CSD20;2019;2;6;45;Trancado
213597;0,5419;3;11/03/19;FI71M;2020;2;1,3;60;Trancado
213597;0,5419;3;11/03/19;FI71M;2020;1;-1;60;Trancado
213597;0,5419;3;11/03/19;FI71M;2019;1;2,7;60;Trancado
213597;0,5419;3;11/03/19;FI72N;2022;2;8,7;30;Trancado
213597;0,5419;3;11/03/19;FI72M;2022;1;6;60;Trancado
213597;0,5419;3;11/03/19;QB70D;2021;1;6;90;Trancado
213597;0,5419;3;11/03/19;FI73M;2023;1;0;60;Trancado
213597;0,5419;3;11/03/19;CSF13;2019;2;7,3;90;Trancado
213597;0,5419;3;11/03/19;CSF13;2019;1;1,2;90;Trancado
213597;0,5419;3;11/03/19;CSE20;2021;1;3,2;60;Trancado
213597;0,5419;3;11/03/19;CSE20;2020;1;-1;60;Trancado
213597;0,5419;3;11/03/19;CSE20;2021;2;9,2;60;Trancado
213597;0,5419;3;11/03/19;CSD20;2019;1;7;45;Trancado
213597;0,5419;3;11/03/19;CSF20;2020;2;9,1;45;Trancado
213597;0,5419;3;11/03/19;CSF20;2020;1;-1;45;Trancado
213597;0,5419;3;11/03/19;CSD21;2022;2;2,1;45;Trancado
213597;0,5419;3;11/03/19;CSD21;2022;1;0;45;Trancado
213597;0,5419;3;11/03/19;CSF30;2021;1;8,2;45;Trancado
213597;0,5419;3;11/03/19;CSG20;2022;2;8,5;45;Trancado
213597;0,5419;3;11/03/19;EEX11;2020;2;9;45;Trancado
213597;0,5419;3;11/03/19;EEX11;2020;1;-1;45;Trancado
213597;0,5419;3;11/03/19;EEB21;2023;1;0;45;Trancado
213597;0,5419;3;11/03/19;EEX21;2022;1;8,2;45;Trancado
213597;0,5419;3;11/03/19;EEF11;2022;2;10;30;Trancado
213597;0,5419;3;11/03/19;FI71S;2021;2;7,2;60;Trancado
213597;0,5419;3;11/03/19;FI72S;2022;1;6;60;Trancado
213597;0,5419;3;11/03/19;MA71Y;2020;2;9,1;90;Trancado
213597;0,5419;3;11/03/19;FI71M;2021;2;7,2;60;Trancado
213597;0,5419;3;11/03/19;MA71Y;2020;1;-1;90;Trancado
213597;0,5419;3;11/03/19;QB70C;2021;1;6;75;Trancado
213597;0,5419;3;11/03/19;MA70G;2023;1;0;60;Trancado
213597;0,5419;3;11/03/19;MA73A;2023;1;0;60;Trancado
213597;0,5419;3;11/03/19;MA70H;2023;1;0;60;Trancado
213597;0,5419;3;11/03/19;MA72A;2022;1;5,3;60;Trancado
213597;0,5419;3;11/03/19;MA72A;2022;2;7,3;60;Trancado
213597;0,5419;3;11/03/19;MA71B;2019;1;1,3;90;Trancado
213597;0,5419;3;11/03/19;MA71B;2019;2;2,6;90;Trancado
213597;0,5419;3;11/03/19;MA71B;2020;2;9,1;90;Trancado
213597;0,5419;3;11/03/19;MA71A;2019;1;0,4;90;Trancado
213597;0,5419;3;11/03/19;MA71A;2019;2;4,4;90;Trancado
213597;0,5419;3;11/03/19;MA71A;2020;1;6;90;Trancado
213597;0,5419;3;11/03/19;ENADE I;2019;2;;0;Trancado
213597;0,5419;3;11/03/19;ES70G;2022;2;8,7;45;Trancado
213598;0,7795;5;11/03/19;MA70H;2021;1;9,1;60;Trancado
213598;0,7795;5;11/03/19;MA70H;2020;1;-1;60;Trancado
213598;0,7795;5;11/03/19;MA73A;2020;2;10;60;Trancado
213598;0,7795;5;11/03/19;GE70D;2021;2;8,2;30;Trancado
213598;0,7795;5;11/03/19;MA70G;2020;2;7,4;60;Trancado
213598;0,7795;5;11/03/19;MA70G;2020;1;-1;60;Trancado
213598;0,7795;5;11/03/19;QB70C;2019;2;6,6;75;Trancado
213598;0,7795;5;11/03/19;ES70G;2021;2;9,1;45;Trancado
213598;0,7795;5;11/03/19;FI71M;2019;2;7,2;60;Trancado
213598;0,7795;5;11/03/19;FI71M;2019;1;3,5;60;Trancado
213598;0,7795;5;11/03/19;FI72N;2021;1;8,8;30;Trancado
213598;0,7795;5;11/03/19;FI72N;2020;1;-1;30;Trancado
213598;0,7795;5;11/03/19;FI72M;2020;2;6,9;60;Trancado
213598;0,7795;5;11/03/19;FI72M;2020;1;-1;60;Trancado
213598;0,7795;5;11/03/19;ES70P;2022;1;0;45;Trancado
213598;0,7795;5;11/03/19;FI73M;2021;1;10;60;Trancado
213598;0,7795;5;11/03/19;CSF13;2019;1;8,5;90;Trancado
213598;0,7795;5;11/03/19;CSE20;2020;2;8,8;60;Trancado
213598;0,7795;5;11/03/19;CSE20;2020;1;-1;60;Trancado
213598;0,7795;5;11/03/19;CSE20;2019;2;1,8;60;Trancado
213598;0,7795;5;11/03/19;CSD20;2019;1;9,2;45;Trancado
213598;0,7795;5;11/03/19;CSF20;2019;2;6;45;Trancado
213598;0,7795;5;11/03/19;CSD21;2021;2;7,5;45;Trancado
213598;0,7795;5;11/03/19;CSF30;2021;2;7,3;45;Trancado
213598;0,7795;5;11/03/19;CSG20;2021;1;10;45;Trancado
213598;0,7795;5;11/03/19;CSE30;2021;2;7,7;60;Trancado
213598;0,7795;5;11/03/19;CSI30;2022;1;0;45;Trancado
213598;0,7795;5;11/03/19;CSR31;2022;1;0;30;Trancado
213598;0,7795;5;11/03/19;FI74N;2021;2;8,8;30;Trancado
213598;0,7795;5;11/03/19;EEX11;2019;2;9,4;45;Trancado
213598;0,7795;5;11/03/19;EEB21;2021;1;7,5;45;Trancado
213598;0,7795;5;11/03/19;EEX21;2020;2;9,7;45;Trancado
213598;0,7795;5;11/03/19;EEX21;2020;1;-1;45;Trancado
213598;0,7795;5;11/03/19;EEQ31;2021;1;9,3;75;Trancado
213598;0,7795;5;11/03/19;EEB31;2022;1;0;90;Trancado
213598;0,7795;5;11/03/19;EEB22;2021;2;6,8;45;Trancado
213598;0,7795;5;11/03/19;EEF11;2021;2;10;30;Trancado
213598;0,7795;5;11/03/19;EEF11;2021;1;0;30;Trancado
213598;0,7795;5;11/03/19;EEE31;2022;1;0;60;Trancado
213598;0,7795;5;11/03/19;EEF21;2022;1;0;30;Trancado
213598;0,7795;5;11/03/19;EEQ32;2022;1;0;45;Trancado
213598;0,7795;5;11/03/19;FI71S;2019;2;7,2;60;Trancado
213598;0,7795;5;11/03/19;FI72S;2020;2;6,9;60;Trancado
213598;0,7795;5;11/03/19;FI73S;2021;1;10;60;Trancado
213598;0,7795;5;11/03/19;FI74S;2021;2;9,5;60;Trancado
213598;0,7795;5;11/03/19;FI71Y;2021;1;8,8;30;Trancado
213598;0,7795;5;11/03/19;ENADE I;2019;2;;0;Trancado
213598;0,7795;5;11/03/19;MA71A;2019;1;8,7;90;Trancado
213598;0,7795;5;11/03/19;MA71B;2019;1;6;90;Trancado
213598;0,7795;5;11/03/19;MA72A;2020;2;7,2;60;Trancado
213598;0,7795;5;11/03/19;MA72A;2020;1;-1;60;Trancado
213598;0,7795;5;11/03/19;MA72A;2019;2;4,7;60;Trancado
215232;0,5446;3;12/08/19;ENADE I;2019;2;;0;Trancado
215232;0,5446;3;12/08/19;FI72S;2022;2;6;60;Trancado
215232;0,5446;3;12/08/19;MA71B;2020;0;0;90;Trancado
215232;0,5446;3;12/08/19;MA71B;2019;2;2,7;90;Trancado
215232;0,5446;3;12/08/19;MA71B;2022;1;7,1;90;Trancado
215232;0,5446;3;12/08/19;CE70B;2021;2;7,5;30;Trancado
215232;0,5446;3;12/08/19;MA72A;2020;1;-1;60;Trancado
215232;0,5446;3;12/08/19;MA72A;2022;2;6,6;60;Trancado
215232;0,5446;3;12/08/19;QB70C;2022;1;6;75;Trancado
215232;0,5446;3;12/08/19;ES70G;2021;2;9;45;Trancado
215232;0,5446;3;12/08/19;FI71M;2019;2;0;60;Trancado
215232;0,5446;3;12/08/19;FI72N;2020;1;-1;30;Trancado
215232;0,5446;3;12/08/19;FI72N;2022;1;7,7;30;Trancado
215232;0,5446;3;12/08/19;FI72M;2021;1;5,4;60;Trancado
215232;0,5446;3;12/08/19;FI72M;2022;2;6;60;Trancado
215232;0,5446;3;12/08/19;QB70D;2020;1;-1;90;Trancado
215232;0,5446;3;12/08/19;CSF13;2020;1;-1;90;Trancado
215232;0,5446;3;12/08/19;CSF13;2019;2;0,4;90;Trancado
215232;0,5446;3;12/08/19;CSF13;2022;1;7,5;90;Trancado
215232;0,5446;3;12/08/19;CSD20;2019;2;6;45;Trancado
215232;0,5446;3;12/08/19;CSF20;2022;2;0;45;Trancado
215232;0,5446;3;12/08/19;EEX11;2020;1;-1;45;Trancado
215232;0,5446;3;12/08/19;EEX11;2022;1;7,9;45;Trancado
215232;0,5446;3;12/08/19;EEF11;2021;1;10;30;Trancado
215232;0,5446;3;12/08/19;FI71S;2019;2;7,2;60;Trancado
215232;0,5446;3;12/08/19;MA71A;2019;2;6;90;Trancado
219036;0,5603;3;12/08/19;ENADE I;2019;2;;0;Trancado
219036;0,5603;3;12/08/19;FI71S;2019;2;5;60;Trancado
219036;0,5603;3;12/08/19;MA71B;2020;1;8,3;90;Trancado
219036;0,5603;3;12/08/19;MA71B;2019;2;2,8;90;Trancado
219036;0,5603;3;12/08/19;FI70A;2019;2;5;60;Trancado
219036;0,5603;3;12/08/19;QB70C;2019;2;6,1;75;Trancado
219036;0,5603;3;12/08/19;FI71M;2019;2;0;60;Trancado
219036;0,5603;3;12/08/19;CSF13;2019;2;7;90;Trancado
219036;0,5603;3;12/08/19;CSE20;2019;2;5;60;Trancado
219036;0,5603;3;12/08/19;CSD20;2019;2;1,5;45;Trancado
219036;0,5603;3;12/08/19;CSF20;2019;2;5,6;45;Trancado
219036;0,5603;3;12/08/19;CSG20;2019;2;5,2;45;Trancado
219036;0,5603;3;12/08/19;CSW30;2019;2;6,1;60;Trancado
219036;0,5603;3;12/08/19;EEX11;2019;2;7;45;Trancado
219036;0,5603;3;12/08/19;EEB31;2019;2;5,9;90;Trancado
219036;0,5603;3;12/08/19;EEF11;2019;2;6,9;30;Trancado
219036;0,5603;3;12/08/19;EEF21;2019;2;6,2;30;Trancado
219036;0,5603;3;12/08/19;MA71A;2019;2;5,4;90;Trancado
219287;0,7702;5;12/08/19;ELF41;2023;1;6,2;75;Trancado
219287;0,7702;5;12/08/19;ELF41;2022;1;0;75;Trancado
219287;0,7702;5;12/08/19;ELB93;2022;2;1,9;60;Trancado
219287;0,7702;5;12/08/19;ENADE I;2019;2;;0;Trancado
219287;0,7702;5;12/08/19;MA71A;2019;2;6,9;90;Trancado
219287;0,7702;5;12/08/19;MA71B;2019;2;6,9;90;Trancado
219287;0,7702;5;12/08/19;MA72A;2020;2;9;60;Trancado
219287;0,7702;5;12/08/19;MA72A;2020;1;-1;60;Trancado
219287;0,7702;5;12/08/19;MA70H;2021;1;9,5;60;Trancado
219287;0,7702;5;12/08/19;MA73A;2021;2;9,8;60;Trancado
219287;0,7702;5;12/08/19;MA70G;2021;1;10;60;Trancado
219287;0,7702;5;12/08/19;QB70C;2020;2;8,5;75;Trancado
219287;0,7702;5;12/08/19;ES70G;2022;1;8,2;45;Trancado
219287;0,7702;5;12/08/19;FI71M;2020;1;9,2;60;Trancado
219287;0,7702;5;12/08/19;FI71M;2019;2;3,1;60;Trancado
219287;0,7702;5;12/08/19;FI72N;2021;2;9,3;30;Trancado
219287;0,7702;5;12/08/19;FI72M;2020;1;9,6;60;Trancado
219287;0,7702;5;12/08/19;QB70D;2020;2;8,5;90;Trancado
219287;0,7702;5;12/08/19;QB70D;2020;1;-1;90;Trancado
219287;0,7702;5;12/08/19;FI73M;2021;1;9,5;60;Trancado
219287;0,7702;5;12/08/19;CSF13;2019;2;7,3;90;Trancado
219287;0,7702;5;12/08/19;CSE20;2020;1;8,8;60;Trancado
219287;0,7702;5;12/08/19;CSD20;2019;2;6,3;45;Trancado
219287;0,7702;5;12/08/19;CSF20;2020;2;10;45;Trancado
219287;0,7702;5;12/08/19;CSF20;2020;1;-1;45;Trancado
219287;0,7702;5;12/08/19;CSD21;2021;2;7,9;45;Trancado
219287;0,7702;5;12/08/19;CSF30;2021;2;9,4;45;Trancado
219287;0,7702;5;12/08/19;CSG20;2022;1;10;45;Trancado
219287;0,7702;5;12/08/19;CSA30;2022;1;0;45;Trancado
219287;0,7702;5;12/08/19;CSE30;2023;1;6,2;60;Trancado
219287;0,7702;5;12/08/19;EL73F;2022;1;0;75;Trancado
219287;0,7702;5;12/08/19;CSA31;2022;2;8,5;45;Trancado
219287;0,7702;5;12/08/19;CSX53;2021;2;0;180;Trancado
219287;0,7702;5;12/08/19;FI74N;2022;1;6,6;30;Trancado
219287;0,7702;5;12/08/19;EEX11;2020;1;-1;45;Trancado
219287;0,7702;5;12/08/19;EEX11;2020;2;0;45;Trancado
219287;0,7702;5;12/08/19;EEX11;2022;1;6,9;45;Trancado
219287;0,7702;5;12/08/19;EEB21;2021;1;9,6;45;Trancado
219287;0,7702;5;12/08/19;EEX21;2023;1;6,9;45;Trancado
219287;0,7702;5;12/08/19;EEQ31;2023;1;3,7;75;Trancado
219287;0,7702;5;12/08/19;EEB31;2023;1;6,2;90;Trancado
219287;0,7702;5;12/08/19;EEB22;2023;1;6,8;45;Trancado
219287;0,7702;5;12/08/19;EEB22;2021;2;0;45;Trancado
219287;0,7702;5;12/08/19;EEF11;2021;2;9,7;30;Trancado
219287;0,7702;5;12/08/19;FI71S;2020;1;9,2;60;Trancado
219287;0,7702;5;12/08/19;FI72S;2020;1;9,6;60;Trancado
219287;0,7702;5;12/08/19;FI73S;2021;1;9,5;60;Trancado
219287;0,7702;5;12/08/19;FI74S;2022;1;9,5;60;Trancado
219287;0,7702;5;12/08/19;FI71Y;2021;1;0;30;Trancado
219287;0,7702;5;12/08/19;FI71Y;2020;1;-1;30;Trancado
219297;0,574;3;12/08/19;ENADE I;2019;2;;0;Trancado
219297;0,574;3;12/08/19;MA71Y;2020;1;-1;90;Trancado
219297;0,574;3;12/08/19;MA71A;2020;1;-1;90;Trancado
219297;0,574;3;12/08/19;MA71A;2019;2;0;90;Trancado
219297;0,574;3;12/08/19;MA71B;2020;2;8,3;90;Trancado
219297;0,574;3;12/08/19;MA71B;2019;2;5,4;90;Trancado
219297;0,574;3;12/08/19;MA72A;2021;1;5,3;60;Trancado
219297;0,574;3;12/08/19;MA72A;2021;2;7,5;60;Trancado
219297;0,574;3;12/08/19;MA73A;2022;1;0;60;Trancado
219297;0,574;3;12/08/19;QB70C;2021;1;6,2;75;Trancado
219297;0,574;3;12/08/19;FI71M;2021;1;6,8;60;Trancado
219297;0,574;3;12/08/19;FI71M;2020;2;3,2;60;Trancado
219297;0,574;3;12/08/19;FI71M;2020;1;-1;60;Trancado
219297;0,574;3;12/08/19;FI71M;2019;2;2,7;60;Trancado
219297;0,574;3;12/08/19;FI72N;2021;2;7,2;30;Trancado
219297;0,574;3;12/08/19;FI72M;2021;2;6;60;Trancado
219297;0,574;3;12/08/19;QB70D;2021;1;6,2;90;Trancado
219297;0,574;3;12/08/19;FI73M;2022;1;0;60;Trancado
219297;0,574;3;12/08/19;CSF13;2020;2;6,7;90;Trancado
219297;0,574;3;12/08/19;CSF13;2020;1;-1;90;Trancado
219297;0,574;3;12/08/19;CSF13;2019;2;1,4;90;Trancado
219297;0,574;3;12/08/19;CSE20;2021;2;7,9;60;Trancado
219297;0,574;3;12/08/19;CSD20;2019;2;6;45;Trancado
219297;0,574;3;12/08/19;CSF20;2021;1;7,2;45;Trancado
219297;0,574;3;12/08/19;EEX11;2021;2;9;45;Trancado
219297;0,574;3;12/08/19;EEB21;2022;1;0;45;Trancado
219297;0,574;3;12/08/19;EEX21;2022;1;0;45;Trancado
219297;0,574;3;12/08/19;FI71S;2021;1;6,8;60;Trancado
219297;0,574;3;12/08/19;FI72S;2021;2;6;60;Trancado
219297;0,574;3;12/08/19;MA70Z;2022;1;0;60;Trancado
219297;0,574;3;12/08/19;MA71A;2020;2;9,8;90;Trancado
222522;0,2881;2;28/08/19;ENADE I;2019;2;;0;Trancado
222522;0,2881;2;28/08/19;EEX11;2022;2;8,5;45;Trancado
222522;0,2881;2;28/08/19;MA71A;2020;2;0;90;Trancado
222522;0,2881;2;28/08/19;MA71A;2020;1;-1;90;Trancado
222522;0,2881;2;28/08/19;MA71A;2019;2;0;90;Trancado
222522;0,2881;2;28/08/19;MA71B;2021;2;1,4;90;Trancado
222522;0,2881;2;28/08/19;MA71B;2020;2;0;90;Trancado
222522;0,2881;2;28/08/19;MA71B;2020;1;-1;90;Trancado
222522;0,2881;2;28/08/19;MA71B;2019;2;0,4;90;Trancado
222522;0,2881;2;28/08/19;MA72A;2022;2;0,5;60;Trancado
222522;0,2881;2;28/08/19;QB70C;2022;2;0,7;75;Trancado
222522;0,2881;2;28/08/19;FI71M;2020;1;-1;60;Trancado
222522;0,2881;2;28/08/19;FI71M;2019;2;2,7;60;Trancado
222522;0,2881;2;28/08/19;CSF13;2020;2;0;90;Trancado
222522;0,2881;2;28/08/19;CSF13;2020;1;-1;90;Trancado
222522;0,2881;2;28/08/19;CSF13;2019;2;0;90;Trancado
222522;0,2881;2;28/08/19;CSF13;2022;1;8,5;90;Trancado
222522;0,2881;2;28/08/19;CSE20;2022;2;0;60;Trancado
222522;0,2881;2;28/08/19;CSD20;2019;2;7;45;Trancado
222522;0,2881;2;28/08/19;CSF20;2022;2;6;45;Trancado
222522;0,2881;2;28/08/19;CSD21;2022;2;0;45;Trancado
222522;0,2881;2;28/08/19;CSF30;2023;1;0;45;Trancado
222522;0,2881;2;28/08/19;MA71A;2021;2;6;90;Trancado
223533;0,8277;3;02/03/20;ENADE I;2020;1;;0;Trancado
223533;0,8277;3;02/03/20;MA71A;2020;2;9,5;90;Trancado
223533;0,8277;3;02/03/20;EEF11;2021;1;9,9;30;Trancado
223533;0,8277;3;02/03/20;CSF20;2021;1;7,3;45;Trancado
223533;0,8277;3;02/03/20;CSD20;2020;1;-1;45;Trancado
223533;0,8277;3;02/03/20;CSD20;2020;2;9,1;45;Trancado
223533;0,8277;3;02/03/20;CSF13;2020;1;-1;90;Trancado
223533;0,8277;3;02/03/20;CSF13;2020;2;7,2;90;Trancado
223533;0,8277;3;02/03/20;QB70D;2021;1;7,4;90;Trancado
223533;0,8277;3;02/03/20;FI71M;2020;1;-1;60;Trancado
223533;0,8277;3;02/03/20;FI71M;2020;2;6;60;Trancado
223533;0,8277;3;02/03/20;QB70C;2021;1;7,4;75;Trancado
223533;0,8277;3;02/03/20;MA70G;2021;2;8,5;60;Trancado
223533;0,8277;3;02/03/20;MA73A;2021;2;8,1;60;Trancado
223533;0,8277;3;02/03/20;MA70H;2021;2;0;60;Trancado
223533;0,8277;3;02/03/20;MA72A;2021;1;8,1;60;Trancado
223533;0,8277;3;02/03/20;MA71B;2020;1;-1;90;Trancado
223533;0,8277;3;02/03/20;MA71B;2020;2;10;90;Trancado
223533;0,8277;3;02/03/20;MA71A;2020;1;-1;90;Trancado
223533;0,8277;3;02/03/20;FI71S;2020;2;6;60;Trancado
223535;0,6698;2;02/03/20;EEX11;2021;2;0;45;Trancado
223535;0,6698;2;02/03/20;CSF30;2021;2;6,1;45;Trancado
223535;0,6698;2;02/03/20;CSF20;2021;1;7,3;45;Trancado
223535;0,6698;2;02/03/20;CSD20;2020;1;-1;45;Trancado
223535;0,6698;2;02/03/20;CSD20;2020;2;9,3;45;Trancado
223535;0,6698;2;02/03/20;CSE20;2022;1;3,8;60;Trancado
223535;0,6698;2;02/03/20;CSE20;2021;1;3;60;Trancado
223535;0,6698;2;02/03/20;CSF13;2020;1;-1;90;Trancado
223535;0,6698;2;02/03/20;CSF13;2020;2;10;90;Trancado
223535;0,6698;2;02/03/20;QB70D;2021;2;2,3;90;Trancado
223535;0,6698;2;02/03/20;FI72M;2021;2;0;60;Trancado
223535;0,6698;2;02/03/20;FI71M;2020;1;-1;60;Trancado
223535;0,6698;2;02/03/20;FI71M;2021;1;7,5;60;Trancado
223535;0,6698;2;02/03/20;MA70G;2021;2;0;60;Trancado
223535;0,6698;2;02/03/20;MA70H;2022;1;8,4;60;Trancado
223535;0,6698;2;02/03/20;MA72A;2021;1;7,1;60;Trancado
223535;0,6698;2;02/03/20;MA71B;2020;1;-1;90;Trancado
223535;0,6698;2;02/03/20;MA71B;2020;2;9;90;Trancado
223535;0,6698;2;02/03/20;MA71A;2020;1;-1;90;Trancado
223535;0,6698;2;02/03/20;MA71A;2020;2;10;90;Trancado
223535;0,6698;2;02/03/20;FI71S;2021;1;7,5;60;Trancado
223535;0,6698;2;02/03/20;ENADE I;2020;1;;0;Trancado
223542;0,3278;2;02/03/20;CSD20;2020;1;-1;45;Trancado
223542;0,3278;2;02/03/20;CSD20;2021;2;8;45;Trancado
223542;0,3278;2;02/03/20;CSF20;2023;1;0;45;Trancado
223542;0,3278;2;02/03/20;CSD21;2022;1;0;45;Trancado
223542;0,3278;2;02/03/20;EEX11;2023;1;0;45;Trancado
223542;0,3278;2;02/03/20;EEX11;2022;1;4;45;Trancado
223542;0,3278;2;02/03/20;EEF11;2022;1;0;30;Trancado
223542;0,3278;2;02/03/20;FI71S;2021;2;7,1;60;Trancado
223542;0,3278;2;02/03/20;FI71Y;2022;1;0;30;Trancado
223542;0,3278;2;02/03/20;ENADE I;2020;1;;0;Trancado
223542;0,3278;2;02/03/20;MA71A;2021;2;8,2;90;Trancado
223542;0,3278;2;02/03/20;MA71A;2020;2;0;90;Trancado
223542;0,3278;2;02/03/20;MA71A;2020;1;-1;90;Trancado
223542;0,3278;2;02/03/20;MA71B;2021;2;8,2;90;Trancado
223542;0,3278;2;02/03/20;MA71B;2020;2;0;90;Trancado
223542;0,3278;2;02/03/20;MA71B;2020;1;-1;90;Trancado
223542;0,3278;2;02/03/20;MA72A;2023;1;0;60;Trancado
223542;0,3278;2;02/03/20;MA72A;2022;1;0;60;Trancado
223542;0,3278;2;02/03/20;QB70C;2023;1;0;75;Trancado
223542;0,3278;2;02/03/20;QB70C;2022;1;0;75;Trancado
223542;0,3278;2;02/03/20;FI71M;2021;2;7,1;60;Trancado
223542;0,3278;2;02/03/20;FI71M;2020;1;-1;60;Trancado
223542;0,3278;2;02/03/20;FI72N;2023;1;0;30;Trancado
223542;0,3278;2;02/03/20;FI72M;2023;1;0;60;Trancado
223542;0,3278;2;02/03/20;FI72M;2022;1;0,1;60;Trancado
223542;0,3278;2;02/03/20;CSF13;2020;2;0,2;90;Trancado
223542;0,3278;2;02/03/20;CSF13;2020;1;-1;90;Trancado
223542;0,3278;2;02/03/20;CSF13;2022;2;9,2;90;Trancado
223542;0,3278;2;02/03/20;CSF13;2022;1;0;90;Trancado
223542;0,3278;2;02/03/20;CSE20;2023;1;0;60;Trancado
223542;0,3278;2;02/03/20;CSD20;2020;2;0;45;Trancado
230629;0,6146;4;18/02/21;ENADE I;2020;2;;0;Trancado
230629;0,6146;4;18/02/21;MA70Z;2022;1;0;60;Trancado
230629;0,6146;4;18/02/21;MA71B;2020;2;7;90;Trancado
230629;0,6146;4;18/02/21;MA72A;2021;1;6,5;60;Trancado
230629;0,6146;4;18/02/21;MA70H;2021;2;6,2;60;Trancado
230629;0,6146;4;18/02/21;MA73A;2022;2;6;60;Trancado
230629;0,6146;4;18/02/21;MA73A;2022;1;1;60;Trancado
230629;0,6146;4;18/02/21;MA70G;2022;2;7,5;60;Trancado
230629;0,6146;4;18/02/21;QB70C;2021;1;6;75;Trancado
230629;0,6146;4;18/02/21;ES70G;2022;2;9,2;45;Trancado
230629;0,6146;4;18/02/21;FI71M;2021;2;8,1;60;Trancado
230629;0,6146;4;18/02/21;FI71M;2021;1;4,3;60;Trancado
230629;0,6146;4;18/02/21;FI71M;2020;2;2,1;60;Trancado
230629;0,6146;4;18/02/21;FI72N;2022;2;7,4;30;Trancado
230629;0,6146;4;18/02/21;FI72N;2022;1;5,7;30;Trancado
230629;0,6146;4;18/02/21;FI72M;2022;2;7;60;Trancado
230629;0,6146;4;18/02/21;FI72M;2022;1;4,3;60;Trancado
230629;0,6146;4;18/02/21;QB70D;2021;1;6;90;Trancado
230629;0,6146;4;18/02/21;FI73M;2023;1;0;60;Trancado
230629;0,6146;4;18/02/21;CSF13;2020;2;6,2;90;Trancado
230629;0,6146;4;18/02/21;CSE20;2022;1;6,1;60;Trancado
230629;0,6146;4;18/02/21;CSD20;2020;2;8,3;45;Trancado
230629;0,6146;4;18/02/21;CSF20;2021;1;6;45;Trancado
230629;0,6146;4;18/02/21;CSD21;2023;1;0;45;Trancado
230629;0,6146;4;18/02/21;CSF30;2023;1;0;45;Trancado
230629;0,6146;4;18/02/21;CSF30;2022;2;2,8;45;Trancado
230629;0,6146;4;18/02/21;EEX11;2022;1;9;45;Trancado
230629;0,6146;4;18/02/21;EEB21;2023;1;0;45;Trancado
230629;0,6146;4;18/02/21;EEX21;2022;2;9;45;Trancado
230629;0,6146;4;18/02/21;EEQ31;2023;1;0;75;Trancado
230629;0,6146;4;18/02/21;EEF11;2022;1;9,3;30;Trancado
230629;0,6146;4;18/02/21;FI71S;2021;2;8,1;60;Trancado
230629;0,6146;4;18/02/21;FI72S;2022;2;7;60;Trancado
230629;0,6146;4;18/02/21;FI71Y;2022;2;7,4;30;Trancado
230629;0,6146;4;18/02/21;MA71A;2020;2;6;90;Trancado
235578;0,8806;2;15/06/21;FI71S;2021;1;8,1;60;Trancado
235578;0,8806;2;15/06/21;ENADE I;2021;1;;0;Trancado
235578;0,8806;2;15/06/21;MA71A;2021;1;9;90;Trancado
235578;0,8806;2;15/06/21;MA71B;2021;1;9,2;90;Trancado
235578;0,8806;2;15/06/21;MA72A;2021;2;8,2;60;Trancado
235578;0,8806;2;15/06/21;FI71M;2021;1;8,1;60;Trancado
235578;0,8806;2;15/06/21;FI72N;2021;2;0;30;Trancado
235578;0,8806;2;15/06/21;CSF13;2021;1;9,1;90;Trancado
235578;0,8806;2;15/06/21;CSD20;2021;1;7,6;45;Trancado
235578;0,8806;2;15/06/21;CSF20;2021;2;10;45;Trancado
235578;0,8806;2;15/06/21;CSF30;2022;1;0;45;Trancado
235578;0,8806;2;15/06/21;EEX11;2021;2;0;45;Trancado
235599;0,5265;2;15/06/21;ENADE I;2021;1;;0;Trancado
235599;0,5265;2;15/06/21;FI71S;2021;1;7,3;60;Trancado
235599;0,5265;2;15/06/21;MA71B;2021;1;6,4;90;Trancado
235599;0,5265;2;15/06/21;MA72A;2021;2;10;60;Trancado
235599;0,5265;2;15/06/21;MA70H;2022;1;0;60;Trancado
235599;0,5265;2;15/06/21;MA73A;2022;1;0;60;Trancado
235599;0,5265;2;15/06/21;QB70C;2022;1;0;75;Trancado
235599;0,5265;2;15/06/21;FI71M;2021;1;7,3;60;Trancado
235599;0,5265;2;15/06/21;FI72M;2022;1;0;60;Trancado
235599;0,5265;2;15/06/21;FI72M;2021;2;0,1;60;Trancado
235599;0,5265;2;15/06/21;CSF13;2021;1;6,7;90;Trancado
235599;0,5265;2;15/06/21;CSE20;2021;2;1,5;60;Trancado
235599;0,5265;2;15/06/21;CSD20;2021;1;2,7;45;Trancado
235599;0,5265;2;15/06/21;CSD20;2022;1;0;45;Trancado
235599;0,5265;2;15/06/21;CSF20;2022;1;0;45;Trancado
235599;0,5265;2;15/06/21;CSF20;2021;2;3,5;45;Trancado
235599;0,5265;2;15/06/21;EEX11;2021;2;0;45;Trancado
235599;0,5265;2;15/06/21;MA71A;2021;1;6,3;90;Trancado
235600;0,7926;3;15/06/21;ENADE I;2021;1;;0;Trancado
235600;0,7926;3;15/06/21;MA71A;2021;1;9;90;Trancado
235600;0,7926;3;15/06/21;FI71S;2021;1;8,9;60;Trancado
235600;0,7926;3;15/06/21;EEX11;2021;2;0;45;Trancado
235600;0,7926;3;15/06/21;CSD21;2021;2;6,5;45;Trancado
235600;0,7926;3;15/06/21;CSF20;2021;2;8,9;45;Trancado
235600;0,7926;3;15/06/21;CSD20;2021;1;7,4;45;Trancado
235600;0,7926;3;15/06/21;CSF13;2021;1;7,7;90;Trancado
235600;0,7926;3;15/06/21;QB70D;2021;2;6,6;90;Trancado
235600;0,7926;3;15/06/21;FI72M;2021;2;6,3;60;Trancado
235600;0,7926;3;15/06/21;FI72N;2021;2;9,8;30;Trancado
235600;0,7926;3;15/06/21;FI71M;2021;1;8,9;60;Trancado
235600;0,7926;3;15/06/21;QB70C;2021;2;6,6;75;Trancado
235600;0,7926;3;15/06/21;MA72A;2021;2;8,2;60;Trancado
235600;0,7926;3;15/06/21;MA71B;2021;1;8,3;90;Trancado
235600;0,7926;3;15/06/21;FI72S;2021;2;6,3;60;Trancado
235601;0,7298;3;15/06/21;MA7AV;2022;1;8,3;45;Trancado
235601;0,7298;3;15/06/21;FI71S;2021;1;6;60;Trancado
235601;0,7298;3;15/06/21;EEX11;2022;1;10;45;Trancado
235601;0,7298;3;15/06/21;CSF20;2021;2;7,2;45;Trancado
235601;0,7298;3;15/06/21;CSD20;2021;1;8,3;45;Trancado
235601;0,7298;3;15/06/21;CSF13;2021;1;7,5;90;Trancado
235601;0,7298;3;15/06/21;FI72M;2022;1;3,5;60;Trancado
235601;0,7298;3;15/06/21;FI72M;2021;2;0;60;Trancado
235601;0,7298;3;15/06/21;FI71M;2021;1;6;60;Trancado
235601;0,7298;3;15/06/21;ES70G;2021;2;9,2;45;Trancado
235601;0,7298;3;15/06/21;QB70C;2022;1;6,7;75;Trancado
235601;0,7298;3;15/06/21;MA73A;2022;1;0;60;Trancado
235601;0,7298;3;15/06/21;MA70H;2022;1;9,8;60;Trancado
235601;0,7298;3;15/06/21;MA72A;2021;2;8;60;Trancado
235601;0,7298;3;15/06/21;MA71B;2021;1;6,3;90;Trancado
235601;0,7298;3;15/06/21;MA71A;2021;1;6,6;90;Trancado
235601;0,7298;3;15/06/21;FI71Y;2022;1;0;30;Trancado
235601;0,7298;3;15/06/21;ENADE I;2021;1;;0;Trancado
236030;0,4324;2;23/09/21;ENADE I;2021;2;;0;Trancado
236030;0,4324;2;23/09/21;EEX21;2023;1;3,4;45;Trancado
236030;0,4324;2;23/09/21;MA71B;2021;2;6,2;90;Trancado
236030;0,4324;2;23/09/21;MA72A;2023;1;0,2;60;Trancado
236030;0,4324;2;23/09/21;QB70C;2023;1;5;75;Trancado
236030;0,4324;2;23/09/21;QB70C;2022;2;5;75;Trancado
236030;0,4324;2;23/09/21;FI71M;2022;2;3,2;60;Trancado
236030;0,4324;2;23/09/21;FI71M;2021;2;0,9;60;Trancado
236030;0,4324;2;23/09/21;CSF13;2021;2;6,7;90;Trancado
236030;0,4324;2;23/09/21;CSE20;2023;1;3,6;60;Trancado
236030;0,4324;2;23/09/21;CSE20;2022;2;3,8;60;Trancado
236030;0,4324;2;23/09/21;CSE20;2022;1;3,1;60;Trancado
236030;0,4324;2;23/09/21;CSD20;2022;2;4,7;45;Trancado
236030;0,4324;2;23/09/21;CSD20;2021;2;2,4;45;Trancado
236030;0,4324;2;23/09/21;CSF20;2022;2;6;45;Trancado
236030;0,4324;2;23/09/21;CSF30;2023;1;1,8;45;Trancado
236030;0,4324;2;23/09/21;EEX11;2022;2;7;45;Trancado
236030;0,4324;2;23/09/21;MA71A;2021;2;6,7;90;Trancado
243326;0,11;1;27/10/21;FI71M;2023;1;0;60;Trancado
243326;0,11;1;27/10/21;FI71M;2022;1;0;60;Trancado
243326;0,11;1;27/10/21;CSD20;2022;1;4;45;Trancado
243326;0,11;1;27/10/21;CSF13;2023;1;0;90;Trancado
243326;0,11;1;27/10/21;CSD20;2022;2;1,8;45;Trancado
243326;0,11;1;27/10/21;MA71B;2022;1;0;90;Trancado
243326;0,11;1;27/10/21;MA71A;2022;1;0;90;Trancado
243326;0,11;1;27/10/21;MA71A;2022;2;0,3;90;Trancado
243326;0,11;1;27/10/21;ENADE I;2021;2;;0;Trancado
243326;0,11;1;27/10/21;CSF13;2022;1;0,1;90;Trancado
244909;0,4544;1;16/03/22;CSD20;2022;1;6;45;Trancado
244909;0,4544;1;16/03/22;CSF13;2022;1;4,1;90;Trancado
244909;0,4544;1;16/03/22;MA71B;2022;1;6,5;90;Trancado
244909;0,4544;1;16/03/22;MA71A;2022;1;3,2;90;Trancado
244909;0,4544;1;16/03/22;ENADE I;2022;1;;0;Trancado
244909;0,4544;1;16/03/22;FI71M;2022;1;3,2;60;Trancado
246985;0;1;11/04/22;CSF13;2022;2;0;90;Trancado
246985;0;1;11/04/22;FI71M;2022;1;0;60;Trancado
246985;0;1;11/04/22;FI71M;2022;2;0;60;Trancado
246985;0;1;11/04/22;MA71B;2022;1;0;90;Trancado
246985;0;1;11/04/22;CSD20;2022;2;0;45;Trancado
246985;0;1;11/04/22;MA71A;2022;1;0;90;Trancado
246985;0;1;11/04/22;MA71A;2022;2;0;90;Trancado
246985;0;1;11/04/22;ENADE I;2022;1;;0;Trancado
246985;0;1;11/04/22;MA71B;2022;2;0;90;Trancado
250557;0,5048;1;11/08/22;FIS7F1;2023;1;0;60;Trancado
250557;0,5048;1;11/08/22;EEX11;2023;1;0;45;Trancado
250557;0,5048;1;11/08/22;CSF20;2023;1;0;45;Trancado
250557;0,5048;1;11/08/22;CSD20;2022;2;6;45;Trancado
250557;0,5048;1;11/08/22;CSE20;2023;1;0;60;Trancado
250557;0,5048;1;11/08/22;MAT7C1;2023;1;0;90;Trancado
250557;0,5048;1;11/08/22;FI71M;2022;2;2,9;60;Trancado
250557;0,5048;1;11/08/22;MA71B;2022;2;3,4;90;Trancado
250557;0,5048;1;11/08/22;MA71A;2022;2;3,8;90;Trancado
250557;0,5048;1;11/08/22;ENADE I;2022;2;;0;Trancado
250557;0,5048;1;11/08/22;CSF13;2022;2;8,9;90;Trancado
251684;0;1;25/08/22;FI71M;2022;2;0;60;Trancado
251684;0;1;25/08/22;ELEX10;2023;1;0;45;Trancado
251684;0;1;25/08/22;ICSF13;2023;1;0;90;Trancado
251684;0;1;25/08/22;ICSD20;2023;1;0;45;Trancado
251684;0;1;25/08/22;MAT7GA;2023;1;0;60;Trancado
251684;0;1;25/08/22;MAT7C1;2023;1;0;90;Trancado
251684;0;1;25/08/22;FIS7F1;2023;1;0;60;Trancado
251684;0;1;25/08/22;ENADE I;2022;2;;0;Trancado
251693;0,5384;2;25/08/22;ENADE I;2022;2;;0;Trancado
251693;0,5384;2;25/08/22;MA71A;2022;2;7,6;90;Trancado
251693;0,5384;2;25/08/22;CSD20;2022;2;5,2;45;Trancado
251693;0,5384;2;25/08/22;CSF13;2022;2;4,2;90;Trancado
251693;0,5384;2;25/08/22;FI71M;2022;2;2,9;60;Trancado
251693;0,5384;2;25/08/22;MA71B;2022;2;6,1;90;Trancado
252882;0,4291;1;31/08/22;ELEX10;2023;1;10;45;Trancado
252882;0,4291;1;31/08/22;ICSD20;2023;1;6;45;Trancado
252882;0,4291;1;31/08/22;ICSF13;2023;1;5,4;90;Trancado
252882;0,4291;1;31/08/22;ENADE I;2022;2;;0;Trancado
252882;0,4291;1;31/08/22;MA71A;2022;2;0;90;Trancado
252882;0,4291;1;31/08/22;MA71B;2022;2;0;90;Trancado
252882;0,4291;1;31/08/22;FI71M;2022;2;0;60;Trancado
252882;0,4291;1;31/08/22;FIS7F1;2023;1;0;60;Trancado
252882;0,4291;1;31/08/22;MAT7C1;2023;1;0;90;Trancado
252882;0,4291;1;31/08/22;MAT7GA;2023;1;3,5;60;Trancado
255641;0,9446;2;20/03/23;MAT7C1;2023;1;10;90;Trancado
255641;0,9446;2;20/03/23;FIS7F1;2023;1;8,5;60;Trancado
255641;0,9446;2;20/03/23;ICSD20;2023;1;9,1;45;Trancado
255641;0,9446;2;20/03/23;ICSF13;2023;1;10;90;Trancado
255641;0,9446;2;20/03/23;ELEX10;2023;1;9,3;45;Trancado
255641;0,9446;2;20/03/23;MAT7GA;2023;1;9,1;60;Trancado
255670;0,3546;1;20/03/23;FIS7F1;2023;1;1,5;60;Trancado
255670;0,3546;1;20/03/23;MAT7C1;2023;1;6,5;90;Trancado
255670;0,3546;1;20/03/23;MAT7GA;2023;1;5,5;60;Trancado
255670;0,3546;1;20/03/23;ICSD20;2023;1;1,8;45;Trancado
255670;0,3546;1;20/03/23;ELEX10;2023;1;2,2;45;Trancado
255670;0,3546;1;20/03/23;ICSF13;2023;1;2,2;90;Trancado